path	description
.gitattributes	프로젝트 설정·실행기·문서 저장 정책
.gitignore	프로젝트 설정·실행기·문서 저장 정책
Config/DefaultGame.ini	프로젝트 설정·실행기·문서 저장 정책
Content/Character/Customization/Characters/BP_Rogue10m_DwarfFemaleCharacter.uasset	게임 에셋·HUD 이미지·애니메이션·데이터 저장
Content/Character/Customization/Characters/BP_Rogue10m_DwarfMaleCharacter.uasset	게임 에셋·HUD 이미지·애니메이션·데이터 저장
Content/Character/Customization/Characters/BP_Rogue10m_HumanFemaleCharacter.uasset	게임 에셋·HUD 이미지·애니메이션·데이터 저장
Content/Character/Customization/Characters/BP_Rogue10m_HumanMaleCharacter.uasset	게임 에셋·HUD 이미지·애니메이션·데이터 저장
Content/Character/Customization/Characters/BP_Rogue10m_OrcFemaleCharacter.uasset	게임 에셋·HUD 이미지·애니메이션·데이터 저장
Content/Character/Customization/Characters/BP_Rogue10m_OrcMaleCharacter.uasset	게임 에셋·HUD 이미지·애니메이션·데이터 저장
Content/Character/Customization/Retargeting/IKR_Manny_To_Dw_F.uasset	게임 에셋·HUD 이미지·애니메이션·데이터 저장
Content/Character/Customization/Retargeting/IKR_Manny_To_Dw_M.uasset	게임 에셋·HUD 이미지·애니메이션·데이터 저장
Content/Character/Customization/Retargeting/IKR_Manny_To_Hu_F.uasset	게임 에셋·HUD 이미지·애니메이션·데이터 저장
Content/Character/Customization/Retargeting/IKR_Manny_To_Hu_M.uasset	게임 에셋·HUD 이미지·애니메이션·데이터 저장
Content/Character/Customization/Retargeting/IKR_Manny_To_Or_F.uasset	게임 에셋·HUD 이미지·애니메이션·데이터 저장
Content/Character/Customization/Retargeting/IKR_Manny_To_Or_M.uasset	게임 에셋·HUD 이미지·애니메이션·데이터 저장
Content/Characters/Mannequins/Meshes/SK_Mannequin.uasset	게임 에셋·HUD 이미지·애니메이션·데이터 저장
Content/CombatMagicAnims/Demo/Mannequins/Meshes/SK_Mannequin.uasset	게임 에셋·HUD 이미지·애니메이션·데이터 저장
Content/DataAsset/AttackSkill/BasicBrawler/DA_BasicBrawler_ChargedRightUppercut.uasset	게임 에셋·HUD 이미지·애니메이션·데이터 저장
Content/DataAsset/AttackSkill/BasicBrawler/DA_BasicBrawler_LeftJab.uasset	게임 에셋·HUD 이미지·애니메이션·데이터 저장
Content/DataAsset/AttackSkill/BasicBrawler/DA_BasicBrawler_RightHook.uasset	게임 에셋·HUD 이미지·애니메이션·데이터 저장
Content/DataAsset/AttackSkill/BasicBrawler/DA_BasicBrawler_RightJab.uasset	게임 에셋·HUD 이미지·애니메이션·데이터 저장
Content/DataAsset/AttackSkill/BasicBrawler/DA_BasicBrawler_RightStraight.uasset	게임 에셋·HUD 이미지·애니메이션·데이터 저장
Content/DataAsset/AttackSkill/BasicBrawler/DA_BasicBrawler_RightUppercut.uasset	게임 에셋·HUD 이미지·애니메이션·데이터 저장
Content/DataAsset/AttackSkill/ClassCombat/Bow/DA_Attack_Bow_Charged.uasset	게임 에셋·HUD 이미지·애니메이션·데이터 저장
Content/DataAsset/AttackSkill/ClassCombat/Bow/DA_Attack_Bow_Primary01.uasset	게임 에셋·HUD 이미지·애니메이션·데이터 저장
Content/DataAsset/AttackSkill/ClassCombat/Bow/DA_Attack_Bow_Primary02.uasset	게임 에셋·HUD 이미지·애니메이션·데이터 저장
Content/DataAsset/AttackSkill/ClassCombat/Bow/DA_Attack_Bow_Primary03.uasset	게임 에셋·HUD 이미지·애니메이션·데이터 저장
Content/DataAsset/AttackSkill/ClassCombat/Bow/DA_Attack_Bow_Special.uasset	게임 에셋·HUD 이미지·애니메이션·데이터 저장
Content/DataAsset/AttackSkill/ClassCombat/Dagger/DA_Attack_Dagger_Charged.uasset	게임 에셋·HUD 이미지·애니메이션·데이터 저장
Content/DataAsset/AttackSkill/ClassCombat/Dagger/DA_Attack_Dagger_Primary01.uasset	게임 에셋·HUD 이미지·애니메이션·데이터 저장
Content/DataAsset/AttackSkill/ClassCombat/Dagger/DA_Attack_Dagger_Primary02.uasset	게임 에셋·HUD 이미지·애니메이션·데이터 저장
Content/DataAsset/AttackSkill/ClassCombat/Dagger/DA_Attack_Dagger_Primary03.uasset	게임 에셋·HUD 이미지·애니메이션·데이터 저장
Content/DataAsset/AttackSkill/ClassCombat/Dagger/DA_Attack_Dagger_Special.uasset	게임 에셋·HUD 이미지·애니메이션·데이터 저장
Content/DataAsset/AttackSkill/ClassCombat/DualBlades/DA_Attack_DualBlades_Charged.uasset	게임 에셋·HUD 이미지·애니메이션·데이터 저장
Content/DataAsset/AttackSkill/ClassCombat/DualBlades/DA_Attack_DualBlades_Primary01.uasset	게임 에셋·HUD 이미지·애니메이션·데이터 저장
Content/DataAsset/AttackSkill/ClassCombat/DualBlades/DA_Attack_DualBlades_Primary02.uasset	게임 에셋·HUD 이미지·애니메이션·데이터 저장
Content/DataAsset/AttackSkill/ClassCombat/DualBlades/DA_Attack_DualBlades_Primary03.uasset	게임 에셋·HUD 이미지·애니메이션·데이터 저장
Content/DataAsset/AttackSkill/ClassCombat/DualBlades/DA_Attack_DualBlades_Special.uasset	게임 에셋·HUD 이미지·애니메이션·데이터 저장
Content/DataAsset/AttackSkill/ClassCombat/DualDaggers/DA_Attack_DualDaggers_Charged.uasset	게임 에셋·HUD 이미지·애니메이션·데이터 저장
Content/DataAsset/AttackSkill/ClassCombat/DualDaggers/DA_Attack_DualDaggers_Primary01.uasset	게임 에셋·HUD 이미지·애니메이션·데이터 저장
Content/DataAsset/AttackSkill/ClassCombat/DualDaggers/DA_Attack_DualDaggers_Primary02.uasset	게임 에셋·HUD 이미지·애니메이션·데이터 저장
Content/DataAsset/AttackSkill/ClassCombat/DualDaggers/DA_Attack_DualDaggers_Primary03.uasset	게임 에셋·HUD 이미지·애니메이션·데이터 저장
Content/DataAsset/AttackSkill/ClassCombat/DualDaggers/DA_Attack_DualDaggers_Special.uasset	게임 에셋·HUD 이미지·애니메이션·데이터 저장
Content/DataAsset/AttackSkill/ClassCombat/GreatSword/DA_Attack_GreatSword_Charged.uasset	게임 에셋·HUD 이미지·애니메이션·데이터 저장
Content/DataAsset/AttackSkill/ClassCombat/GreatSword/DA_Attack_GreatSword_Primary01.uasset	게임 에셋·HUD 이미지·애니메이션·데이터 저장
Content/DataAsset/AttackSkill/ClassCombat/GreatSword/DA_Attack_GreatSword_Primary02.uasset	게임 에셋·HUD 이미지·애니메이션·데이터 저장
Content/DataAsset/AttackSkill/ClassCombat/GreatSword/DA_Attack_GreatSword_Primary03.uasset	게임 에셋·HUD 이미지·애니메이션·데이터 저장
Content/DataAsset/AttackSkill/ClassCombat/GreatSword/DA_Attack_GreatSword_Special.uasset	게임 에셋·HUD 이미지·애니메이션·데이터 저장
Content/DataAsset/AttackSkill/ClassCombat/Knuckle/DA_Attack_Knuckle_Charged.uasset	게임 에셋·HUD 이미지·애니메이션·데이터 저장
Content/DataAsset/AttackSkill/ClassCombat/Knuckle/DA_Attack_Knuckle_Primary01.uasset	게임 에셋·HUD 이미지·애니메이션·데이터 저장
Content/DataAsset/AttackSkill/ClassCombat/Knuckle/DA_Attack_Knuckle_Primary02.uasset	게임 에셋·HUD 이미지·애니메이션·데이터 저장
Content/DataAsset/AttackSkill/ClassCombat/Knuckle/DA_Attack_Knuckle_Primary03.uasset	게임 에셋·HUD 이미지·애니메이션·데이터 저장
Content/DataAsset/AttackSkill/ClassCombat/Knuckle/DA_Attack_Knuckle_Special.uasset	게임 에셋·HUD 이미지·애니메이션·데이터 저장
Content/DataAsset/AttackSkill/ClassCombat/LongSword/DA_Attack_LongSword_Charged.uasset	게임 에셋·HUD 이미지·애니메이션·데이터 저장
Content/DataAsset/AttackSkill/ClassCombat/LongSword/DA_Attack_LongSword_Primary01.uasset	게임 에셋·HUD 이미지·애니메이션·데이터 저장
Content/DataAsset/AttackSkill/ClassCombat/LongSword/DA_Attack_LongSword_Primary02.uasset	게임 에셋·HUD 이미지·애니메이션·데이터 저장
Content/DataAsset/AttackSkill/ClassCombat/LongSword/DA_Attack_LongSword_Primary03.uasset	게임 에셋·HUD 이미지·애니메이션·데이터 저장
Content/DataAsset/AttackSkill/ClassCombat/LongSword/DA_Attack_LongSword_Special.uasset	게임 에셋·HUD 이미지·애니메이션·데이터 저장
Content/DataAsset/AttackSkill/ClassCombat/Shield/DA_Attack_Shield_Charged.uasset	게임 에셋·HUD 이미지·애니메이션·데이터 저장
Content/DataAsset/AttackSkill/ClassCombat/Shield/DA_Attack_Shield_Primary01.uasset	게임 에셋·HUD 이미지·애니메이션·데이터 저장
Content/DataAsset/AttackSkill/ClassCombat/Shield/DA_Attack_Shield_Primary02.uasset	게임 에셋·HUD 이미지·애니메이션·데이터 저장
Content/DataAsset/AttackSkill/ClassCombat/Shield/DA_Attack_Shield_Primary03.uasset	게임 에셋·HUD 이미지·애니메이션·데이터 저장
Content/DataAsset/AttackSkill/ClassCombat/Shield/DA_Attack_Shield_Special.uasset	게임 에셋·HUD 이미지·애니메이션·데이터 저장
Content/DataAsset/AttackSkill/ClassCombat/Shuriken/DA_Attack_Shuriken_Charged.uasset	게임 에셋·HUD 이미지·애니메이션·데이터 저장
Content/DataAsset/AttackSkill/ClassCombat/Shuriken/DA_Attack_Shuriken_Primary01.uasset	게임 에셋·HUD 이미지·애니메이션·데이터 저장
Content/DataAsset/AttackSkill/ClassCombat/Shuriken/DA_Attack_Shuriken_Primary02.uasset	게임 에셋·HUD 이미지·애니메이션·데이터 저장
Content/DataAsset/AttackSkill/ClassCombat/Shuriken/DA_Attack_Shuriken_Primary03.uasset	게임 에셋·HUD 이미지·애니메이션·데이터 저장
Content/DataAsset/AttackSkill/ClassCombat/Shuriken/DA_Attack_Shuriken_Special.uasset	게임 에셋·HUD 이미지·애니메이션·데이터 저장
Content/DataAsset/AttackSkill/ClassCombat/Staff/DA_Attack_Staff_Charged.uasset	게임 에셋·HUD 이미지·애니메이션·데이터 저장
Content/DataAsset/AttackSkill/ClassCombat/Staff/DA_Attack_Staff_Primary01.uasset	게임 에셋·HUD 이미지·애니메이션·데이터 저장
Content/DataAsset/AttackSkill/ClassCombat/Staff/DA_Attack_Staff_Primary02.uasset	게임 에셋·HUD 이미지·애니메이션·데이터 저장
Content/DataAsset/AttackSkill/ClassCombat/Staff/DA_Attack_Staff_Primary03.uasset	게임 에셋·HUD 이미지·애니메이션·데이터 저장
Content/DataAsset/AttackSkill/ClassCombat/Staff/DA_Attack_Staff_Special.uasset	게임 에셋·HUD 이미지·애니메이션·데이터 저장
Content/DataAsset/AttackSkill/ClassCombat/SwordBuckler/DA_Attack_SwordBuckler_Charged.uasset	게임 에셋·HUD 이미지·애니메이션·데이터 저장
Content/DataAsset/AttackSkill/ClassCombat/SwordBuckler/DA_Attack_SwordBuckler_Primary01.uasset	게임 에셋·HUD 이미지·애니메이션·데이터 저장
Content/DataAsset/AttackSkill/ClassCombat/SwordBuckler/DA_Attack_SwordBuckler_Primary02.uasset	게임 에셋·HUD 이미지·애니메이션·데이터 저장
Content/DataAsset/AttackSkill/ClassCombat/SwordBuckler/DA_Attack_SwordBuckler_Primary03.uasset	게임 에셋·HUD 이미지·애니메이션·데이터 저장
Content/DataAsset/AttackSkill/ClassCombat/SwordBuckler/DA_Attack_SwordBuckler_Special.uasset	게임 에셋·HUD 이미지·애니메이션·데이터 저장
Content/DataAsset/AttackSkill/MartialArts/DA_MartialArt_GoldenBody.uasset	게임 에셋·HUD 이미지·애니메이션·데이터 저장
Content/DataAsset/AttackSkill/StoneFist/DA_Attack_StoneFist_ChargedShockwave.uasset	게임 에셋·HUD 이미지·애니메이션·데이터 저장
Content/DataAsset/AttackSkill/StoneFist/DA_Attack_StoneFist_Jab.uasset	게임 에셋·HUD 이미지·애니메이션·데이터 저장
Content/DataAsset/AttackSkill/StoneFist/DA_Attack_StoneFist_JumpSlam.uasset	게임 에셋·HUD 이미지·애니메이션·데이터 저장
Content/DataAsset/AttackSkill/StoneFist/DA_Attack_StoneFist_Straight.uasset	게임 에셋·HUD 이미지·애니메이션·데이터 저장
Content/DataAsset/AttackSkill/Unarmed/DA_Attack_Unarmed_ChargedPrimary.uasset	게임 에셋·HUD 이미지·애니메이션·데이터 저장
Content/DataAsset/AttackSkill/Unarmed/DA_Attack_Unarmed_ChargedSpecial.uasset	게임 에셋·HUD 이미지·애니메이션·데이터 저장
Content/DataAsset/AttackSkill/Unarmed/DA_Attack_Unarmed_JumpPrimary.uasset	게임 에셋·HUD 이미지·애니메이션·데이터 저장
Content/DataAsset/AttackSkill/Unarmed/DA_Attack_Unarmed_JumpSpecial.uasset	게임 에셋·HUD 이미지·애니메이션·데이터 저장
Content/DataAsset/AttackSkill/Unarmed/DA_Attack_Unarmed_Primary.uasset	게임 에셋·HUD 이미지·애니메이션·데이터 저장
Content/DataAsset/AttackSkill/Unarmed/DA_Attack_Unarmed_Primary_Combo2.uasset	게임 에셋·HUD 이미지·애니메이션·데이터 저장
Content/DataAsset/AttackSkill/Unarmed/DA_Attack_Unarmed_Primary_Combo3.uasset	게임 에셋·HUD 이미지·애니메이션·데이터 저장
Content/DataAsset/AttackSkill/Unarmed/DA_Attack_Unarmed_Special.uasset	게임 에셋·HUD 이미지·애니메이션·데이터 저장
Content/DataAsset/Character/Animation/DA_CommonCharacterMotion.uasset	게임 에셋·HUD 이미지·애니메이션·데이터 저장
Content/DataAsset/Character/DA_Character_Default.uasset	게임 에셋·HUD 이미지·애니메이션·데이터 저장
Content/DataAsset/SkillProfile/DA_SkillProfile_Combat_Bow.uasset	게임 에셋·HUD 이미지·애니메이션·데이터 저장
Content/DataAsset/SkillProfile/DA_SkillProfile_Combat_Dagger.uasset	게임 에셋·HUD 이미지·애니메이션·데이터 저장
Content/DataAsset/SkillProfile/DA_SkillProfile_Combat_DualBlades.uasset	게임 에셋·HUD 이미지·애니메이션·데이터 저장
Content/DataAsset/SkillProfile/DA_SkillProfile_Combat_DualDaggers.uasset	게임 에셋·HUD 이미지·애니메이션·데이터 저장
Content/DataAsset/SkillProfile/DA_SkillProfile_Combat_GreatSword.uasset	게임 에셋·HUD 이미지·애니메이션·데이터 저장
Content/DataAsset/SkillProfile/DA_SkillProfile_Combat_Knuckle.uasset	게임 에셋·HUD 이미지·애니메이션·데이터 저장
Content/DataAsset/SkillProfile/DA_SkillProfile_Combat_LongSword.uasset	게임 에셋·HUD 이미지·애니메이션·데이터 저장
Content/DataAsset/SkillProfile/DA_SkillProfile_Combat_Shield.uasset	게임 에셋·HUD 이미지·애니메이션·데이터 저장
Content/DataAsset/SkillProfile/DA_SkillProfile_Combat_Shuriken.uasset	게임 에셋·HUD 이미지·애니메이션·데이터 저장
Content/DataAsset/SkillProfile/DA_SkillProfile_Combat_Staff.uasset	게임 에셋·HUD 이미지·애니메이션·데이터 저장
Content/DataAsset/SkillProfile/DA_SkillProfile_Combat_SwordBuckler.uasset	게임 에셋·HUD 이미지·애니메이션·데이터 저장
Content/DataAsset/SkillProfile/DA_SkillProfile_StoneFist.uasset	게임 에셋·HUD 이미지·애니메이션·데이터 저장
Content/DataAsset/SkillProfile/DA_SkillProfile_Unarmed.uasset	게임 에셋·HUD 이미지·애니메이션·데이터 저장
Content/Rogue10m/Animation/Combat/Bow/AM_Bow_Charged.uasset	게임 에셋·HUD 이미지·애니메이션·데이터 저장
Content/Rogue10m/Animation/Combat/Bow/AM_Bow_Primary01.uasset	게임 에셋·HUD 이미지·애니메이션·데이터 저장
Content/Rogue10m/Animation/Combat/Bow/AM_Bow_Primary02.uasset	게임 에셋·HUD 이미지·애니메이션·데이터 저장
Content/Rogue10m/Animation/Combat/Bow/AM_Bow_Primary03.uasset	게임 에셋·HUD 이미지·애니메이션·데이터 저장
Content/Rogue10m/Animation/Combat/Bow/AM_Bow_Special.uasset	게임 에셋·HUD 이미지·애니메이션·데이터 저장
Content/Rogue10m/Animation/Combat/Boxing/AM_BoxingLeftJab_Appearance.uasset	게임 에셋·HUD 이미지·애니메이션·데이터 저장
Content/Rogue10m/Animation/Combat/Boxing/AM_BoxingRightJab_Appearance.uasset	게임 에셋·HUD 이미지·애니메이션·데이터 저장
Content/Rogue10m/Animation/Combat/Boxing/AM_BrawlerRightHook_Stable.uasset	게임 에셋·HUD 이미지·애니메이션·데이터 저장
Content/Rogue10m/Animation/Combat/Boxing/A_BoxingJab_Manny.uasset	게임 에셋·HUD 이미지·애니메이션·데이터 저장
Content/Rogue10m/Animation/Combat/Boxing/A_BoxingLeftJab_Appearance.uasset	게임 에셋·HUD 이미지·애니메이션·데이터 저장
Content/Rogue10m/Animation/Combat/Boxing/A_BoxingRightJab_Appearance.uasset	게임 에셋·HUD 이미지·애니메이션·데이터 저장
Content/Rogue10m/Animation/Combat/Dagger/AM_Dagger_Charged.uasset	게임 에셋·HUD 이미지·애니메이션·데이터 저장
Content/Rogue10m/Animation/Combat/Dagger/AM_Dagger_Primary01.uasset	게임 에셋·HUD 이미지·애니메이션·데이터 저장
Content/Rogue10m/Animation/Combat/Dagger/AM_Dagger_Primary02.uasset	게임 에셋·HUD 이미지·애니메이션·데이터 저장
Content/Rogue10m/Animation/Combat/Dagger/AM_Dagger_Primary03.uasset	게임 에셋·HUD 이미지·애니메이션·데이터 저장
Content/Rogue10m/Animation/Combat/Dagger/AM_Dagger_Special.uasset	게임 에셋·HUD 이미지·애니메이션·데이터 저장
Content/Rogue10m/Animation/Combat/DualBlades/AM_DualBlades_Charged.uasset	게임 에셋·HUD 이미지·애니메이션·데이터 저장
Content/Rogue10m/Animation/Combat/DualBlades/AM_DualBlades_Primary01.uasset	게임 에셋·HUD 이미지·애니메이션·데이터 저장
Content/Rogue10m/Animation/Combat/DualBlades/AM_DualBlades_Primary02.uasset	게임 에셋·HUD 이미지·애니메이션·데이터 저장
Content/Rogue10m/Animation/Combat/DualBlades/AM_DualBlades_Primary03.uasset	게임 에셋·HUD 이미지·애니메이션·데이터 저장
Content/Rogue10m/Animation/Combat/DualBlades/AM_DualBlades_Special.uasset	게임 에셋·HUD 이미지·애니메이션·데이터 저장
Content/Rogue10m/Animation/Combat/DualDaggers/AM_DualDaggers_Charged.uasset	게임 에셋·HUD 이미지·애니메이션·데이터 저장
Content/Rogue10m/Animation/Combat/DualDaggers/AM_DualDaggers_Primary01.uasset	게임 에셋·HUD 이미지·애니메이션·데이터 저장
Content/Rogue10m/Animation/Combat/DualDaggers/AM_DualDaggers_Primary02.uasset	게임 에셋·HUD 이미지·애니메이션·데이터 저장
Content/Rogue10m/Animation/Combat/DualDaggers/AM_DualDaggers_Primary03.uasset	게임 에셋·HUD 이미지·애니메이션·데이터 저장
Content/Rogue10m/Animation/Combat/DualDaggers/AM_DualDaggers_Special.uasset	게임 에셋·HUD 이미지·애니메이션·데이터 저장
Content/Rogue10m/Animation/Combat/GreatSword/AM_GreatSword_Charged.uasset	게임 에셋·HUD 이미지·애니메이션·데이터 저장
Content/Rogue10m/Animation/Combat/GreatSword/AM_GreatSword_Primary01.uasset	게임 에셋·HUD 이미지·애니메이션·데이터 저장
Content/Rogue10m/Animation/Combat/GreatSword/AM_GreatSword_Primary02.uasset	게임 에셋·HUD 이미지·애니메이션·데이터 저장
Content/Rogue10m/Animation/Combat/GreatSword/AM_GreatSword_Primary03.uasset	게임 에셋·HUD 이미지·애니메이션·데이터 저장
Content/Rogue10m/Animation/Combat/GreatSword/AM_GreatSword_Special.uasset	게임 에셋·HUD 이미지·애니메이션·데이터 저장
Content/Rogue10m/Animation/Combat/Knuckle/AM_Knuckle_Charged.uasset	게임 에셋·HUD 이미지·애니메이션·데이터 저장
Content/Rogue10m/Animation/Combat/Knuckle/AM_Knuckle_Primary01.uasset	게임 에셋·HUD 이미지·애니메이션·데이터 저장
Content/Rogue10m/Animation/Combat/Knuckle/AM_Knuckle_Primary02.uasset	게임 에셋·HUD 이미지·애니메이션·데이터 저장
Content/Rogue10m/Animation/Combat/Knuckle/AM_Knuckle_Primary03.uasset	게임 에셋·HUD 이미지·애니메이션·데이터 저장
Content/Rogue10m/Animation/Combat/Knuckle/AM_Knuckle_Special.uasset	게임 에셋·HUD 이미지·애니메이션·데이터 저장
Content/Rogue10m/Animation/Combat/LongSword/AM_LongSword_Charged.uasset	게임 에셋·HUD 이미지·애니메이션·데이터 저장
Content/Rogue10m/Animation/Combat/LongSword/AM_LongSword_Primary01.uasset	게임 에셋·HUD 이미지·애니메이션·데이터 저장
Content/Rogue10m/Animation/Combat/LongSword/AM_LongSword_Primary02.uasset	게임 에셋·HUD 이미지·애니메이션·데이터 저장
Content/Rogue10m/Animation/Combat/LongSword/AM_LongSword_Primary03.uasset	게임 에셋·HUD 이미지·애니메이션·데이터 저장
Content/Rogue10m/Animation/Combat/LongSword/AM_LongSword_Special.uasset	게임 에셋·HUD 이미지·애니메이션·데이터 저장
Content/Rogue10m/Animation/Combat/Shield/AM_Shield_Charged.uasset	게임 에셋·HUD 이미지·애니메이션·데이터 저장
Content/Rogue10m/Animation/Combat/Shield/AM_Shield_Primary01.uasset	게임 에셋·HUD 이미지·애니메이션·데이터 저장
Content/Rogue10m/Animation/Combat/Shield/AM_Shield_Primary02.uasset	게임 에셋·HUD 이미지·애니메이션·데이터 저장
Content/Rogue10m/Animation/Combat/Shield/AM_Shield_Primary03.uasset	게임 에셋·HUD 이미지·애니메이션·데이터 저장
Content/Rogue10m/Animation/Combat/Shield/AM_Shield_Special.uasset	게임 에셋·HUD 이미지·애니메이션·데이터 저장
Content/Rogue10m/Animation/Combat/Shuriken/AM_Shuriken_Charged.uasset	게임 에셋·HUD 이미지·애니메이션·데이터 저장
Content/Rogue10m/Animation/Combat/Shuriken/AM_Shuriken_Primary01.uasset	게임 에셋·HUD 이미지·애니메이션·데이터 저장
Content/Rogue10m/Animation/Combat/Shuriken/AM_Shuriken_Primary02.uasset	게임 에셋·HUD 이미지·애니메이션·데이터 저장
Content/Rogue10m/Animation/Combat/Shuriken/AM_Shuriken_Primary03.uasset	게임 에셋·HUD 이미지·애니메이션·데이터 저장
Content/Rogue10m/Animation/Combat/Shuriken/AM_Shuriken_Special.uasset	게임 에셋·HUD 이미지·애니메이션·데이터 저장
Content/Rogue10m/Animation/Combat/Staff/AM_Staff_Charged.uasset	게임 에셋·HUD 이미지·애니메이션·데이터 저장
Content/Rogue10m/Animation/Combat/Staff/AM_Staff_Primary01.uasset	게임 에셋·HUD 이미지·애니메이션·데이터 저장
Content/Rogue10m/Animation/Combat/Staff/AM_Staff_Primary02.uasset	게임 에셋·HUD 이미지·애니메이션·데이터 저장
Content/Rogue10m/Animation/Combat/Staff/AM_Staff_Primary03.uasset	게임 에셋·HUD 이미지·애니메이션·데이터 저장
Content/Rogue10m/Animation/Combat/Staff/AM_Staff_Special.uasset	게임 에셋·HUD 이미지·애니메이션·데이터 저장
Content/Rogue10m/Animation/Combat/SwordBuckler/AM_SwordBuckler_Charged.uasset	게임 에셋·HUD 이미지·애니메이션·데이터 저장
Content/Rogue10m/Animation/Combat/SwordBuckler/AM_SwordBuckler_Primary01.uasset	게임 에셋·HUD 이미지·애니메이션·데이터 저장
Content/Rogue10m/Animation/Combat/SwordBuckler/AM_SwordBuckler_Primary02.uasset	게임 에셋·HUD 이미지·애니메이션·데이터 저장
Content/Rogue10m/Animation/Combat/SwordBuckler/AM_SwordBuckler_Primary03.uasset	게임 에셋·HUD 이미지·애니메이션·데이터 저장
Content/Rogue10m/Animation/Combat/SwordBuckler/AM_SwordBuckler_Special.uasset	게임 에셋·HUD 이미지·애니메이션·데이터 저장
Content/Rogue10m/Animation/Common/ABP_Common_Unarmed.uasset	게임 에셋·HUD 이미지·애니메이션·데이터 저장
Content/Rogue10m/Animation/Common/AM_Dodge_Roll.uasset	게임 에셋·HUD 이미지·애니메이션·데이터 저장
Content/Rogue10m/Animation/Common/AM_Punch_01.uasset	게임 에셋·HUD 이미지·애니메이션·데이터 저장
Content/Rogue10m/Animation/Common/AM_Punch_02.uasset	게임 에셋·HUD 이미지·애니메이션·데이터 저장
Content/Rogue10m/Animation/Common/AM_Punch_03.uasset	게임 에셋·HUD 이미지·애니메이션·데이터 저장
Content/Rogue10m/Animation/Common/AM_Punch_Charged.uasset	게임 에셋·HUD 이미지·애니메이션·데이터 저장
Content/Rogue10m/Animation/Preview/Boxing/A_Boxing_Manny.uasset	게임 에셋·HUD 이미지·애니메이션·데이터 저장
Content/Rogue10m/Animation/Preview/Boxing/IK_BoxingManny.uasset	게임 에셋·HUD 이미지·애니메이션·데이터 저장
Content/Rogue10m/Animation/Preview/Boxing/IK_BoxingSource.uasset	게임 에셋·HUD 이미지·애니메이션·데이터 저장
Content/Rogue10m/Animation/Preview/Boxing/RTG_BoxingSource_Manny.uasset	게임 에셋·HUD 이미지·애니메이션·데이터 저장
Content/Rogue10m/Animation/Preview/Boxing/Source/Persistent/SK_BoxingSource.uasset	게임 에셋·HUD 이미지·애니메이션·데이터 저장
Content/Rogue10m/Animation/Preview/Boxing/Source/Persistent/SK_BoxingSource_Anim_Take_001.uasset	게임 에셋·HUD 이미지·애니메이션·데이터 저장
Content/Rogue10m/Animation/Preview/Boxing/Source/Persistent/SK_BoxingSource_Anim_mixamo_com.uasset	게임 에셋·HUD 이미지·애니메이션·데이터 저장
Content/Rogue10m/Animation/Preview/Boxing/Source/Persistent/SK_BoxingSource_Skeleton.uasset	게임 에셋·HUD 이미지·애니메이션·데이터 저장
Content/Rogue10m/Animation/Preview/Martelo/A_Martelo2_Manny.uasset	게임 에셋·HUD 이미지·애니메이션·데이터 저장
Content/Rogue10m/Animation/Preview/Martelo/IK_MarteloManny.uasset	게임 에셋·HUD 이미지·애니메이션·데이터 저장
Content/Rogue10m/Animation/Preview/Martelo/IK_MarteloSource.uasset	게임 에셋·HUD 이미지·애니메이션·데이터 저장
Content/Rogue10m/Animation/Preview/Martelo/RTG_MarteloSource_Manny.uasset	게임 에셋·HUD 이미지·애니메이션·데이터 저장
Content/Rogue10m/Animation/Preview/Martelo/Source/Persistent/SK_MarteloSource.uasset	게임 에셋·HUD 이미지·애니메이션·데이터 저장
Content/Rogue10m/Animation/Preview/Martelo/Source/Persistent/SK_MarteloSource_Anim.uasset	게임 에셋·HUD 이미지·애니메이션·데이터 저장
Content/Rogue10m/Animation/Preview/Martelo/Source/Persistent/SK_MarteloSource_Skeleton.uasset	게임 에셋·HUD 이미지·애니메이션·데이터 저장
Content/Rogue10m/Character/SK_FirstPersonArms.uasset	게임 에셋·HUD 이미지·애니메이션·데이터 저장
Content/Rogue10m/VFX/Character/Combat/Bow/NS_Bow_Cast.uasset	게임 에셋·HUD 이미지·애니메이션·데이터 저장
Content/Rogue10m/VFX/Character/Combat/Bow/NS_Bow_Charge.uasset	게임 에셋·HUD 이미지·애니메이션·데이터 저장
Content/Rogue10m/VFX/Character/Combat/Bow/NS_Bow_Impact.uasset	게임 에셋·HUD 이미지·애니메이션·데이터 저장
Content/Rogue10m/VFX/Character/Combat/Dagger/NS_Dagger_Cast.uasset	게임 에셋·HUD 이미지·애니메이션·데이터 저장
Content/Rogue10m/VFX/Character/Combat/Dagger/NS_Dagger_Charge.uasset	게임 에셋·HUD 이미지·애니메이션·데이터 저장
Content/Rogue10m/VFX/Character/Combat/Dagger/NS_Dagger_Impact.uasset	게임 에셋·HUD 이미지·애니메이션·데이터 저장
Content/Rogue10m/VFX/Character/Combat/DualBlades/NS_DualBlades_Cast.uasset	게임 에셋·HUD 이미지·애니메이션·데이터 저장
Content/Rogue10m/VFX/Character/Combat/DualBlades/NS_DualBlades_Charge.uasset	게임 에셋·HUD 이미지·애니메이션·데이터 저장
Content/Rogue10m/VFX/Character/Combat/DualBlades/NS_DualBlades_Impact.uasset	게임 에셋·HUD 이미지·애니메이션·데이터 저장
Content/Rogue10m/VFX/Character/Combat/DualDaggers/NS_DualDaggers_Cast.uasset	게임 에셋·HUD 이미지·애니메이션·데이터 저장
Content/Rogue10m/VFX/Character/Combat/DualDaggers/NS_DualDaggers_Charge.uasset	게임 에셋·HUD 이미지·애니메이션·데이터 저장
Content/Rogue10m/VFX/Character/Combat/DualDaggers/NS_DualDaggers_Impact.uasset	게임 에셋·HUD 이미지·애니메이션·데이터 저장
Content/Rogue10m/VFX/Character/Combat/GreatSword/NS_GreatSword_Cast.uasset	게임 에셋·HUD 이미지·애니메이션·데이터 저장
Content/Rogue10m/VFX/Character/Combat/GreatSword/NS_GreatSword_Charge.uasset	게임 에셋·HUD 이미지·애니메이션·데이터 저장
Content/Rogue10m/VFX/Character/Combat/GreatSword/NS_GreatSword_Impact.uasset	게임 에셋·HUD 이미지·애니메이션·데이터 저장
Content/Rogue10m/VFX/Character/Combat/Knuckle/NS_Knuckle_Cast.uasset	게임 에셋·HUD 이미지·애니메이션·데이터 저장
Content/Rogue10m/VFX/Character/Combat/Knuckle/NS_Knuckle_Charge.uasset	게임 에셋·HUD 이미지·애니메이션·데이터 저장
Content/Rogue10m/VFX/Character/Combat/Knuckle/NS_Knuckle_Impact.uasset	게임 에셋·HUD 이미지·애니메이션·데이터 저장
Content/Rogue10m/VFX/Character/Combat/LongSword/NS_LongSword_Cast.uasset	게임 에셋·HUD 이미지·애니메이션·데이터 저장
Content/Rogue10m/VFX/Character/Combat/LongSword/NS_LongSword_Charge.uasset	게임 에셋·HUD 이미지·애니메이션·데이터 저장
Content/Rogue10m/VFX/Character/Combat/LongSword/NS_LongSword_Impact.uasset	게임 에셋·HUD 이미지·애니메이션·데이터 저장
Content/Rogue10m/VFX/Character/Combat/NET_CombatReadable.uasset	게임 에셋·HUD 이미지·애니메이션·데이터 저장
Content/Rogue10m/VFX/Character/Combat/Shield/NS_Shield_Cast.uasset	게임 에셋·HUD 이미지·애니메이션·데이터 저장
Content/Rogue10m/VFX/Character/Combat/Shield/NS_Shield_Charge.uasset	게임 에셋·HUD 이미지·애니메이션·데이터 저장
Content/Rogue10m/VFX/Character/Combat/Shield/NS_Shield_Impact.uasset	게임 에셋·HUD 이미지·애니메이션·데이터 저장
Content/Rogue10m/VFX/Character/Combat/Shuriken/NS_Shuriken_Cast.uasset	게임 에셋·HUD 이미지·애니메이션·데이터 저장
Content/Rogue10m/VFX/Character/Combat/Shuriken/NS_Shuriken_Charge.uasset	게임 에셋·HUD 이미지·애니메이션·데이터 저장
Content/Rogue10m/VFX/Character/Combat/Shuriken/NS_Shuriken_Impact.uasset	게임 에셋·HUD 이미지·애니메이션·데이터 저장
Content/Rogue10m/VFX/Character/Combat/Staff/NS_Staff_Cast.uasset	게임 에셋·HUD 이미지·애니메이션·데이터 저장
Content/Rogue10m/VFX/Character/Combat/Staff/NS_Staff_Charge.uasset	게임 에셋·HUD 이미지·애니메이션·데이터 저장
Content/Rogue10m/VFX/Character/Combat/Staff/NS_Staff_Impact.uasset	게임 에셋·HUD 이미지·애니메이션·데이터 저장
Content/Rogue10m/VFX/Character/Combat/SwordBuckler/NS_SwordBuckler_Cast.uasset	게임 에셋·HUD 이미지·애니메이션·데이터 저장
Content/Rogue10m/VFX/Character/Combat/SwordBuckler/NS_SwordBuckler_Charge.uasset	게임 에셋·HUD 이미지·애니메이션·데이터 저장
Content/Rogue10m/VFX/Character/Combat/SwordBuckler/NS_SwordBuckler_Impact.uasset	게임 에셋·HUD 이미지·애니메이션·데이터 저장
Content/Rogue10m/VFX/Character/Combat/Unarmed/M_BrawlerHitFlash.uasset	게임 에셋·HUD 이미지·애니메이션·데이터 저장
Content/Rogue10m/VFX/Character/Combat/Unarmed/NS_Punch_Charge.uasset	게임 에셋·HUD 이미지·애니메이션·데이터 저장
Content/Rogue10m/VFX/Character/Combat/Unarmed/NS_Punch_ChargedRelease.uasset	게임 에셋·HUD 이미지·애니메이션·데이터 저장
Content/Rogue10m/VFX/Character/Combat/Unarmed/NS_Punch_Impact.uasset	게임 에셋·HUD 이미지·애니메이션·데이터 저장
Content/Rogue10m/VFX/Character/Combat/Unarmed/NS_Punch_Swing_01.uasset	게임 에셋·HUD 이미지·애니메이션·데이터 저장
Content/Rogue10m/VFX/Character/Combat/Unarmed/NS_Punch_Swing_02.uasset	게임 에셋·HUD 이미지·애니메이션·데이터 저장
Content/Rogue10m/VFX/Character/Combat/Unarmed/NS_Punch_Swing_03.uasset	게임 에셋·HUD 이미지·애니메이션·데이터 저장
Content/Rogue10m/VFX/Character/Movement/NS_Motion_DodgeTrail.uasset	게임 에셋·HUD 이미지·애니메이션·데이터 저장
Content/Rogue10m/VFX/Character/Movement/NS_Motion_DoubleJumpBurst.uasset	게임 에셋·HUD 이미지·애니메이션·데이터 저장
Content/Rogue10m/VFX/Character/Movement/NS_Motion_JumpBurst.uasset	게임 에셋·HUD 이미지·애니메이션·데이터 저장
Content/Rogue10m/VFX/Character/Movement/NS_Motion_LandBurst.uasset	게임 에셋·HUD 이미지·애니메이션·데이터 저장
Content/Rogue10m/VFX/Character/Movement/NS_Motion_RunDust.uasset	게임 에셋·HUD 이미지·애니메이션·데이터 저장
Content/Rogue10m/VFX/Character/Movement/NS_Motion_WalkDust.uasset	게임 에셋·HUD 이미지·애니메이션·데이터 저장
Content/Rogue10m/VFX/Character/Source/NS_MotionDustPoof_Source.uasset	게임 에셋·HUD 이미지·애니메이션·데이터 저장
Content/Rogue10m/VFX/Character/Source/P_MotionDustSource.uasset	게임 에셋·HUD 이미지·애니메이션·데이터 저장
Content/UI/HUD/ClassThemes/Concept/Rogue10m_HUD_MartialArtist.png	게임 에셋·HUD 이미지·애니메이션·데이터 저장
Content/UI/HUD/ClassThemes/Concept/Rogue10m_HUD_MartialArtist.uasset	게임 에셋·HUD 이미지·애니메이션·데이터 저장
Content/UI/HUD/ClassThemes/Concept/Rogue10m_HUD_Rogue.png	게임 에셋·HUD 이미지·애니메이션·데이터 저장
Content/UI/HUD/ClassThemes/Concept/Rogue10m_HUD_Rogue.uasset	게임 에셋·HUD 이미지·애니메이션·데이터 저장
Content/UI/HUD/ClassThemes/Concept/Rogue10m_HUD_Warrior.png	게임 에셋·HUD 이미지·애니메이션·데이터 저장
Content/UI/HUD/ClassThemes/Concept/Rogue10m_HUD_Warrior.uasset	게임 에셋·HUD 이미지·애니메이션·데이터 저장
Content/UI/HUD/ClassThemes/Concept/Rogue10m_HUD_Wizard.png	게임 에셋·HUD 이미지·애니메이션·데이터 저장
Content/UI/HUD/ClassThemes/Concept/Rogue10m_HUD_Wizard.uasset	게임 에셋·HUD 이미지·애니메이션·데이터 저장
Content/UI/HUD/ClassThemes/Source/Rogue10mCombatHUDReference.png	게임 에셋·HUD 이미지·애니메이션·데이터 저장
Content/UI/HUD/ClassThemes/Source/Rogue10mCombatHUDReference.uasset	게임 에셋·HUD 이미지·애니메이션·데이터 저장
Content/UI/HUD/ClassThemes/T_HUD_Bottom_MartialArtist.png	게임 에셋·HUD 이미지·애니메이션·데이터 저장
Content/UI/HUD/ClassThemes/T_HUD_Bottom_MartialArtist.uasset	게임 에셋·HUD 이미지·애니메이션·데이터 저장
Content/UI/HUD/ClassThemes/T_HUD_Bottom_Rogue.png	게임 에셋·HUD 이미지·애니메이션·데이터 저장
Content/UI/HUD/ClassThemes/T_HUD_Bottom_Rogue.uasset	게임 에셋·HUD 이미지·애니메이션·데이터 저장
Content/UI/HUD/ClassThemes/T_HUD_Bottom_Warrior.png	게임 에셋·HUD 이미지·애니메이션·데이터 저장
Content/UI/HUD/ClassThemes/T_HUD_Bottom_Warrior.uasset	게임 에셋·HUD 이미지·애니메이션·데이터 저장
Content/UI/HUD/ClassThemes/T_HUD_Bottom_Wizard.png	게임 에셋·HUD 이미지·애니메이션·데이터 저장
Content/UI/HUD/ClassThemes/T_HUD_Bottom_Wizard.uasset	게임 에셋·HUD 이미지·애니메이션·데이터 저장
Content/UI/HUD/Gothic/Source/T_HUD_GothicFrame_Chroma.png	게임 에셋·HUD 이미지·애니메이션·데이터 저장
Content/UI/HUD/Gothic/Source/T_HUD_GothicMonsterInfoFrame_AlphaUntrimmed.png	게임 에셋·HUD 이미지·애니메이션·데이터 저장
Content/UI/HUD/Gothic/Source/T_HUD_GothicMonsterInfoFrame_Chroma.png	게임 에셋·HUD 이미지·애니메이션·데이터 저장
Content/UI/HUD/Gothic/Source/T_HUD_GothicXPLevelBar_Chroma.png	게임 에셋·HUD 이미지·애니메이션·데이터 저장
Content/UI/HUD/Gothic/Source/T_UI_GothicInventoryFrame_Chroma.png	게임 에셋·HUD 이미지·애니메이션·데이터 저장
Content/UI/HUD/Gothic/Source/T_UI_GothicInventoryFrame_Transparent.png	게임 에셋·HUD 이미지·애니메이션·데이터 저장
Content/UI/HUD/Gothic/T_HUD_GothicBarLeft.png	게임 에셋·HUD 이미지·애니메이션·데이터 저장
Content/UI/HUD/Gothic/T_HUD_GothicBarLeft.uasset	게임 에셋·HUD 이미지·애니메이션·데이터 저장
Content/UI/HUD/Gothic/T_HUD_GothicBarRight.png	게임 에셋·HUD 이미지·애니메이션·데이터 저장
Content/UI/HUD/Gothic/T_HUD_GothicBarRight.uasset	게임 에셋·HUD 이미지·애니메이션·데이터 저장
Content/UI/HUD/Gothic/T_HUD_GothicExperienceFrame.png	게임 에셋·HUD 이미지·애니메이션·데이터 저장
Content/UI/HUD/Gothic/T_HUD_GothicExperienceFrame.uasset	게임 에셋·HUD 이미지·애니메이션·데이터 저장
Content/UI/HUD/Gothic/T_HUD_GothicFrame.png	게임 에셋·HUD 이미지·애니메이션·데이터 저장
Content/UI/HUD/Gothic/T_HUD_GothicItemWing.png	게임 에셋·HUD 이미지·애니메이션·데이터 저장
Content/UI/HUD/Gothic/T_HUD_GothicItemWing.uasset	게임 에셋·HUD 이미지·애니메이션·데이터 저장
Content/UI/HUD/Gothic/T_HUD_GothicMedallion.png	게임 에셋·HUD 이미지·애니메이션·데이터 저장
Content/UI/HUD/Gothic/T_HUD_GothicMedallion.uasset	게임 에셋·HUD 이미지·애니메이션·데이터 저장
Content/UI/HUD/Gothic/T_HUD_GothicMonsterInfoFrame.png	게임 에셋·HUD 이미지·애니메이션·데이터 저장
Content/UI/HUD/Gothic/T_HUD_GothicMonsterInfoFrame.uasset	게임 에셋·HUD 이미지·애니메이션·데이터 저장
Content/UI/HUD/Gothic/T_HUD_GothicSkillWing.png	게임 에셋·HUD 이미지·애니메이션·데이터 저장
Content/UI/HUD/Gothic/T_HUD_GothicSkillWing.uasset	게임 에셋·HUD 이미지·애니메이션·데이터 저장
Content/UI/HUD/Gothic/T_HUD_GothicSlotFrame.png	게임 에셋·HUD 이미지·애니메이션·데이터 저장
Content/UI/HUD/Gothic/T_HUD_GothicSlotFrame.uasset	게임 에셋·HUD 이미지·애니메이션·데이터 저장
Content/UI/HUD/Gothic/T_HUD_GothicXPBottomFrame.png	게임 에셋·HUD 이미지·애니메이션·데이터 저장
Content/UI/HUD/Gothic/T_HUD_GothicXPBottomFrame.uasset	게임 에셋·HUD 이미지·애니메이션·데이터 저장
Content/UI/HUD/Gothic/T_HUD_GothicXPLevelBar.png	게임 에셋·HUD 이미지·애니메이션·데이터 저장
Content/UI/HUD/Gothic/T_HUD_GothicXPLevelBar.uasset	게임 에셋·HUD 이미지·애니메이션·데이터 저장
Content/UI/HUD/Gothic/T_HUD_GothicXPLevelBarCompact.png	게임 에셋·HUD 이미지·애니메이션·데이터 저장
Content/UI/HUD/Gothic/T_HUD_GothicXPLevelBarCompact.uasset	게임 에셋·HUD 이미지·애니메이션·데이터 저장
Content/UI/HUD/Gothic/T_UI_GothicInventoryFrame.png	게임 에셋·HUD 이미지·애니메이션·데이터 저장
Content/UI/HUD/Gothic/T_UI_GothicInventoryFrame.uasset	게임 에셋·HUD 이미지·애니메이션·데이터 저장
Content/UI/HUD/ReferenceMetal/T_HUD_ReferenceFrame.png	게임 에셋·HUD 이미지·애니메이션·데이터 저장
Content/UI/HUD/ReferenceMetal/T_HUD_ReferenceFrame.uasset	게임 에셋·HUD 이미지·애니메이션·데이터 저장
Content/UI/HUD/ReferenceMetal/generation-prompt.txt	게임 에셋·HUD 이미지·애니메이션·데이터 저장
Content/UI/MartialArts/Source/T_UI_MartialArtsSkillTreeFrame.png	게임 에셋·HUD 이미지·애니메이션·데이터 저장
Content/UI/MartialArts/T_UI_MartialArtsSkillTreeFrame.uasset	게임 에셋·HUD 이미지·애니메이션·데이터 저장
Content/Widget/Component/Inventory/WBP_InventoryCell.uasset	게임 에셋·HUD 이미지·애니메이션·데이터 저장
Content/Widget/Component/Inventory/WBP_InventoryWindow.uasset	게임 에셋·HUD 이미지·애니메이션·데이터 저장
Content/Widget/Component/SkillTree/WBP_SkillTreeEntry.uasset	게임 에셋·HUD 이미지·애니메이션·데이터 저장
Content/Widget/Component/SkillTree/WBP_SkillTreeWindow.uasset	게임 에셋·HUD 이미지·애니메이션·데이터 저장
Content/Widget/Debug/WBP_ClassBottomHUDShowcase.uasset	게임 에셋·HUD 이미지·애니메이션·데이터 저장
Content/Widget/Debug/WBP_GothicUIShowcase.uasset	게임 에셋·HUD 이미지·애니메이션·데이터 저장
Content/Widget/Parts/ReferenceMetal/WBP_ReferenceMetalExperienceLine.uasset	게임 에셋·HUD 이미지·애니메이션·데이터 저장
Content/Widget/Parts/ReferenceMetal/WBP_ReferenceMetalIdentity.uasset	게임 에셋·HUD 이미지·애니메이션·데이터 저장
Content/Widget/Parts/ReferenceMetal/WBP_ReferenceMetalIdentityBar.uasset	게임 에셋·HUD 이미지·애니메이션·데이터 저장
Content/Widget/Parts/ReferenceMetal/WBP_ReferenceMetalLogLine.uasset	게임 에셋·HUD 이미지·애니메이션·데이터 저장
Content/Widget/Parts/ReferenceMetal/WBP_ReferenceMetalMonsterInfo.uasset	게임 에셋·HUD 이미지·애니메이션·데이터 저장
Content/Widget/Parts/ReferenceMetal/WBP_ReferenceMetalQuickSlot.uasset	게임 에셋·HUD 이미지·애니메이션·데이터 저장
Content/Widget/Parts/ReferenceMetal/WBP_ReferenceMetalVitalBar.uasset	게임 에셋·HUD 이미지·애니메이션·데이터 저장
Content/Widget/Parts/Responsive/WBP_ResponsiveExperienceLine.uasset	게임 에셋·HUD 이미지·애니메이션·데이터 저장
Content/Widget/Parts/Responsive/WBP_ResponsiveIdentity.uasset	게임 에셋·HUD 이미지·애니메이션·데이터 저장
Content/Widget/Parts/Responsive/WBP_ResponsiveIdentityBar.uasset	게임 에셋·HUD 이미지·애니메이션·데이터 저장
Content/Widget/Parts/Responsive/WBP_ResponsiveLogLine.uasset	게임 에셋·HUD 이미지·애니메이션·데이터 저장
Content/Widget/Parts/Responsive/WBP_ResponsiveQuickSlot.uasset	게임 에셋·HUD 이미지·애니메이션·데이터 저장
Content/Widget/Parts/Responsive/WBP_ResponsiveVitalBar.uasset	게임 에셋·HUD 이미지·애니메이션·데이터 저장
Content/Widget/Parts/WBP_BottomHUD.uasset	게임 에셋·HUD 이미지·애니메이션·데이터 저장
Content/Widget/Parts/WBP_Identity.uasset	게임 에셋·HUD 이미지·애니메이션·데이터 저장
Content/Widget/Parts/WBP_ItemSlotPanel.uasset	게임 에셋·HUD 이미지·애니메이션·데이터 저장
Content/Widget/Parts/WBP_LevelExperiencePanel.uasset	게임 에셋·HUD 이미지·애니메이션·데이터 저장
Content/Widget/Parts/WBP_MonsterInfo.uasset	게임 에셋·HUD 이미지·애니메이션·데이터 저장
Content/Widget/Parts/WBP_QuickSlot.uasset	게임 에셋·HUD 이미지·애니메이션·데이터 저장
Content/Widget/Parts/WBP_SkillSlotPanel.uasset	게임 에셋·HUD 이미지·애니메이션·데이터 저장
Content/Widget/Parts/WBP_SystemLogPanel.uasset	게임 에셋·HUD 이미지·애니메이션·데이터 저장
Content/Widget/Parts/WBP_VitalBar.uasset	게임 에셋·HUD 이미지·애니메이션·데이터 저장
Content/Widget/WBP_Rogue10mMainHUD.uasset	게임 에셋·HUD 이미지·애니메이션·데이터 저장
Content/World/Loot/BP_HeavyLootBag.uasset	게임 에셋·HUD 이미지·애니메이션·데이터 저장
Content/World/Rewards/BP_DungeonRewardChest.uasset	게임 에셋·HUD 이미지·애니메이션·데이터 저장
Content/__ExternalActors__/FirstPerson/Lvl_FirstPerson/0/K0/PF3ZMLOCYVKWAEKCUZSPNA.uasset	게임 에셋·HUD 이미지·애니메이션·데이터 저장
Content/__ExternalActors__/FirstPerson/Lvl_FirstPerson/C/YV/1ZALL1IDGRPU9CGBCVYSI0.uasset	게임 에셋·HUD 이미지·애니메이션·데이터 저장
DevLog/20260805.txt	일별 개발 기록 저장
DevLog/20260812.txt	일별 개발 기록 저장
DevLog/20260813.txt	일별 개발 기록 저장
DevLog/20260814.txt	일별 개발 기록 저장
DevLog/20260815.txt	일별 개발 기록 저장
DevLog/20260819.txt	일별 개발 기록 저장
DevLog/20260826.txt	일별 개발 기록 저장
DevLog/20260908.txt	일별 개발 기록 저장
DevLog/20260909.txt	일별 개발 기록 저장
DevLog/20260910.txt	일별 개발 기록 저장
DevLog/20260912.txt	일별 개발 기록 저장
DevLog/20260922.txt	일별 개발 기록 저장
DevLog/20260926.txt	일별 개발 기록 저장
DevLog/20260928.txt	일별 개발 기록 저장
DevLog/20260929.txt	일별 개발 기록 저장
Docs/CharacterDataOwnership.md	설계·구조·Sprint 기록 저장
Docs/Obsidian/ArchitectureMetrics/Dashboard.md	설계·구조·Sprint 기록 저장
Docs/Obsidian/ArchitectureMetrics/Files/Ability/Rogue10mAbilitySystemComponent.cpp.md	설계·구조·Sprint 기록 저장
Docs/Obsidian/ArchitectureMetrics/Files/Ability/Rogue10mAbilitySystemComponent.h.md	설계·구조·Sprint 기록 저장
Docs/Obsidian/ArchitectureMetrics/Files/Ability/Rogue10mAttributeSet.cpp.md	설계·구조·Sprint 기록 저장
Docs/Obsidian/ArchitectureMetrics/Files/Ability/Rogue10mAttributeSet.h.md	설계·구조·Sprint 기록 저장
Docs/Obsidian/ArchitectureMetrics/Files/Ability/Rogue10mGameplayAbility_Attack.cpp.md	설계·구조·Sprint 기록 저장
Docs/Obsidian/ArchitectureMetrics/Files/Ability/Rogue10mGameplayAbility_Attack.h.md	설계·구조·Sprint 기록 저장
Docs/Obsidian/ArchitectureMetrics/Files/Character/Rogue10mCharacter.cpp.md	설계·구조·Sprint 기록 저장
Docs/Obsidian/ArchitectureMetrics/Files/Character/Rogue10mCharacter.h.md	설계·구조·Sprint 기록 저장
Docs/Obsidian/ArchitectureMetrics/Files/Character/Rogue10mCharacterCustomizationTypes.h.md	설계·구조·Sprint 기록 저장
Docs/Obsidian/ArchitectureMetrics/Files/Character/Rogue10mCharacterStats.h 1.md	설계·구조·Sprint 기록 저장
Docs/Obsidian/ArchitectureMetrics/Files/Character/Rogue10mCharacterStats.h.md	설계·구조·Sprint 기록 저장
Docs/Obsidian/ArchitectureMetrics/Files/Character/Rogue10mFistAnimInstance.cpp.md	설계·구조·Sprint 기록 저장
Docs/Obsidian/ArchitectureMetrics/Files/Character/Rogue10mFistAnimInstance.h.md	설계·구조·Sprint 기록 저장
Docs/Obsidian/ArchitectureMetrics/Files/Character/Rogue10mIdentityTypes.h.md	설계·구조·Sprint 기록 저장
Docs/Obsidian/ArchitectureMetrics/Files/Character/Rogue10mStylizedCharacter.cpp.md	설계·구조·Sprint 기록 저장
Docs/Obsidian/ArchitectureMetrics/Files/Character/Rogue10mStylizedCharacter.h.md	설계·구조·Sprint 기록 저장
Docs/Obsidian/ArchitectureMetrics/Files/Character/Rogue10mWeaponTypes.h.md	설계·구조·Sprint 기록 저장
Docs/Obsidian/ArchitectureMetrics/Files/Components/Rogue10mAttackTargetInterface.cpp.md	설계·구조·Sprint 기록 저장
Docs/Obsidian/ArchitectureMetrics/Files/Components/Rogue10mAttackTargetInterface.h.md	설계·구조·Sprint 기록 저장
Docs/Obsidian/ArchitectureMetrics/Files/Components/Rogue10mBasicBrawlerComponent.cpp.md	설계·구조·Sprint 기록 저장
Docs/Obsidian/ArchitectureMetrics/Files/Components/Rogue10mBasicBrawlerComponent.h.md	설계·구조·Sprint 기록 저장
Docs/Obsidian/ArchitectureMetrics/Files/Components/Rogue10mCharacterAnimationComponent.cpp.md	설계·구조·Sprint 기록 저장
Docs/Obsidian/ArchitectureMetrics/Files/Components/Rogue10mCharacterAnimationComponent.h.md	설계·구조·Sprint 기록 저장
Docs/Obsidian/ArchitectureMetrics/Files/Components/Rogue10mCombatComponent.cpp.md	설계·구조·Sprint 기록 저장
Docs/Obsidian/ArchitectureMetrics/Files/Components/Rogue10mCombatComponent.h.md	설계·구조·Sprint 기록 저장
Docs/Obsidian/ArchitectureMetrics/Files/Components/Rogue10mFirstPersonPresentationComponent.cpp.md	설계·구조·Sprint 기록 저장
Docs/Obsidian/ArchitectureMetrics/Files/Components/Rogue10mFirstPersonPresentationComponent.h.md	설계·구조·Sprint 기록 저장
Docs/Obsidian/ArchitectureMetrics/Files/Components/Rogue10mHitFeedbackComponent.cpp.md	설계·구조·Sprint 기록 저장
Docs/Obsidian/ArchitectureMetrics/Files/Components/Rogue10mHitFeedbackComponent.h.md	설계·구조·Sprint 기록 저장
Docs/Obsidian/ArchitectureMetrics/Files/Components/Rogue10mInventoryComponent.cpp.md	설계·구조·Sprint 기록 저장
Docs/Obsidian/ArchitectureMetrics/Files/Components/Rogue10mInventoryComponent.h.md	설계·구조·Sprint 기록 저장
Docs/Obsidian/ArchitectureMetrics/Files/Components/Rogue10mPlayerFeedbackComponent.cpp.md	설계·구조·Sprint 기록 저장
Docs/Obsidian/ArchitectureMetrics/Files/Components/Rogue10mPlayerFeedbackComponent.h.md	설계·구조·Sprint 기록 저장
Docs/Obsidian/ArchitectureMetrics/Files/Components/Rogue10mVitalRegenerationComponent.cpp.md	설계·구조·Sprint 기록 저장
Docs/Obsidian/ArchitectureMetrics/Files/Components/Rogue10mVitalRegenerationComponent.h.md	설계·구조·Sprint 기록 저장
Docs/Obsidian/ArchitectureMetrics/Files/Core/Rogue10m.cpp.md	설계·구조·Sprint 기록 저장
Docs/Obsidian/ArchitectureMetrics/Files/Core/Rogue10m.h.md	설계·구조·Sprint 기록 저장
Docs/Obsidian/ArchitectureMetrics/Files/Core/Rogue10mCameraManager.cpp.md	설계·구조·Sprint 기록 저장
Docs/Obsidian/ArchitectureMetrics/Files/Core/Rogue10mCameraManager.h.md	설계·구조·Sprint 기록 저장
Docs/Obsidian/ArchitectureMetrics/Files/Core/Rogue10mCharacterProfileSaveGame.h.md	설계·구조·Sprint 기록 저장
Docs/Obsidian/ArchitectureMetrics/Files/Core/Rogue10mCharacterProfileSubsystem.cpp.md	설계·구조·Sprint 기록 저장
Docs/Obsidian/ArchitectureMetrics/Files/Core/Rogue10mCharacterProfileSubsystem.h.md	설계·구조·Sprint 기록 저장
Docs/Obsidian/ArchitectureMetrics/Files/Core/Rogue10mGameMode.cpp.md	설계·구조·Sprint 기록 저장
Docs/Obsidian/ArchitectureMetrics/Files/Core/Rogue10mGameMode.h.md	설계·구조·Sprint 기록 저장
Docs/Obsidian/ArchitectureMetrics/Files/Core/Rogue10mGameState.cpp.md	설계·구조·Sprint 기록 저장
Docs/Obsidian/ArchitectureMetrics/Files/Core/Rogue10mGameState.h.md	설계·구조·Sprint 기록 저장
Docs/Obsidian/ArchitectureMetrics/Files/Core/Rogue10mMenuGameMode.cpp.md	설계·구조·Sprint 기록 저장
Docs/Obsidian/ArchitectureMetrics/Files/Core/Rogue10mMenuGameMode.h.md	설계·구조·Sprint 기록 저장
Docs/Obsidian/ArchitectureMetrics/Files/Core/Rogue10mMenuPlayerController.cpp.md	설계·구조·Sprint 기록 저장
Docs/Obsidian/ArchitectureMetrics/Files/Core/Rogue10mMenuPlayerController.h.md	설계·구조·Sprint 기록 저장
Docs/Obsidian/ArchitectureMetrics/Files/Core/Rogue10mPlatformMode.cpp.md	설계·구조·Sprint 기록 저장
Docs/Obsidian/ArchitectureMetrics/Files/Core/Rogue10mPlatformMode.h.md	설계·구조·Sprint 기록 저장
Docs/Obsidian/ArchitectureMetrics/Files/Core/Rogue10mPlayerController.cpp.md	설계·구조·Sprint 기록 저장
Docs/Obsidian/ArchitectureMetrics/Files/Core/Rogue10mPlayerController.h.md	설계·구조·Sprint 기록 저장
Docs/Obsidian/ArchitectureMetrics/Files/Core/Rogue10mPlayerState.cpp.md	설계·구조·Sprint 기록 저장
Docs/Obsidian/ArchitectureMetrics/Files/Core/Rogue10mPlayerState.h.md	설계·구조·Sprint 기록 저장
Docs/Obsidian/ArchitectureMetrics/Files/Data/Rogue10mAttackSkillData.cpp.md	설계·구조·Sprint 기록 저장
Docs/Obsidian/ArchitectureMetrics/Files/Data/Rogue10mAttackSkillData.h.md	설계·구조·Sprint 기록 저장
Docs/Obsidian/ArchitectureMetrics/Files/Data/Rogue10mCharacterCustomizationDataAsset.cpp.md	설계·구조·Sprint 기록 저장
Docs/Obsidian/ArchitectureMetrics/Files/Data/Rogue10mCharacterCustomizationDataAsset.h.md	설계·구조·Sprint 기록 저장
Docs/Obsidian/ArchitectureMetrics/Files/Data/Rogue10mCharacterDataAsset.cpp.md	설계·구조·Sprint 기록 저장
Docs/Obsidian/ArchitectureMetrics/Files/Data/Rogue10mCharacterDataAsset.h.md	설계·구조·Sprint 기록 저장
Docs/Obsidian/ArchitectureMetrics/Files/Data/Rogue10mCharacterMotionDataAsset.cpp.md	설계·구조·Sprint 기록 저장
Docs/Obsidian/ArchitectureMetrics/Files/Data/Rogue10mCharacterMotionDataAsset.h.md	설계·구조·Sprint 기록 저장
Docs/Obsidian/ArchitectureMetrics/Files/Data/Rogue10mItemDataAsset.cpp.md	설계·구조·Sprint 기록 저장
Docs/Obsidian/ArchitectureMetrics/Files/Data/Rogue10mItemDataAsset.h.md	설계·구조·Sprint 기록 저장
Docs/Obsidian/ArchitectureMetrics/Files/Data/Rogue10mMonsterDataAsset.cpp.md	설계·구조·Sprint 기록 저장
Docs/Obsidian/ArchitectureMetrics/Files/Data/Rogue10mMonsterDataAsset.h.md	설계·구조·Sprint 기록 저장
Docs/Obsidian/ArchitectureMetrics/Files/Data/Rogue10mSkillLoadoutDataAsset.cpp.md	설계·구조·Sprint 기록 저장
Docs/Obsidian/ArchitectureMetrics/Files/Data/Rogue10mSkillLoadoutDataAsset.h.md	설계·구조·Sprint 기록 저장
Docs/Obsidian/ArchitectureMetrics/Files/Editor/Rogue10mFirstPersonArmsAuthoring.cpp.md	설계·구조·Sprint 기록 저장
Docs/Obsidian/ArchitectureMetrics/Files/Enemy/AI/BTTask_Rogue10mMonsterDecision.cpp.md	설계·구조·Sprint 기록 저장
Docs/Obsidian/ArchitectureMetrics/Files/Enemy/AI/BTTask_Rogue10mMonsterDecision.h.md	설계·구조·Sprint 기록 저장
Docs/Obsidian/ArchitectureMetrics/Files/Enemy/AI/Rogue10mMonsterAIController.cpp.md	설계·구조·Sprint 기록 저장
Docs/Obsidian/ArchitectureMetrics/Files/Enemy/AI/Rogue10mMonsterAIController.h.md	설계·구조·Sprint 기록 저장
Docs/Obsidian/ArchitectureMetrics/Files/Enemy/Rogue10mBasicMonster.cpp.md	설계·구조·Sprint 기록 저장
Docs/Obsidian/ArchitectureMetrics/Files/Enemy/Rogue10mBasicMonster.h.md	설계·구조·Sprint 기록 저장
Docs/Obsidian/ArchitectureMetrics/Files/Tests/Rogue10mArmsOnlyRuntimeTest.cpp.md	설계·구조·Sprint 기록 저장
Docs/Obsidian/ArchitectureMetrics/Files/Tests/Rogue10mBasicBrawlerRuntimeTest.cpp.md	설계·구조·Sprint 기록 저장
Docs/Obsidian/ArchitectureMetrics/Files/Tests/Rogue10mBoxingFeedbackRuntimeTest.cpp.md	설계·구조·Sprint 기록 저장
Docs/Obsidian/ArchitectureMetrics/Files/Tests/Rogue10mClassCombatPresentationRuntimeTest.cpp.md	설계·구조·Sprint 기록 저장
Docs/Obsidian/ArchitectureMetrics/Files/Tests/Rogue10mFirstPersonFistRuntimeTest.cpp.md	설계·구조·Sprint 기록 저장
Docs/Obsidian/ArchitectureMetrics/Files/Tests/Rogue10mResponsiveHUDRuntimeTest.cpp.md	설계·구조·Sprint 기록 저장
Docs/Obsidian/ArchitectureMetrics/Files/Tests/Rogue10mWeaponSkillTreeRuntimeTest.cpp.md	설계·구조·Sprint 기록 저장
Docs/Obsidian/ArchitectureMetrics/Files/UI/Rogue10mCharacterCustomizationPreviewActor.cpp.md	설계·구조·Sprint 기록 저장
Docs/Obsidian/ArchitectureMetrics/Files/UI/Rogue10mCharacterCustomizationPreviewActor.h.md	설계·구조·Sprint 기록 저장
Docs/Obsidian/ArchitectureMetrics/Files/UI/Rogue10mEquipmentPreviewActor.cpp.md	설계·구조·Sprint 기록 저장
Docs/Obsidian/ArchitectureMetrics/Files/UI/Rogue10mEquipmentPreviewActor.h.md	설계·구조·Sprint 기록 저장
Docs/Obsidian/ArchitectureMetrics/Files/UI/Rogue10mHUD.cpp.md	설계·구조·Sprint 기록 저장
Docs/Obsidian/ArchitectureMetrics/Files/UI/Rogue10mHUD.h.md	설계·구조·Sprint 기록 저장
Docs/Obsidian/ArchitectureMetrics/Files/UI/Rogue10mRunHUD.cpp.md	설계·구조·Sprint 기록 저장
Docs/Obsidian/ArchitectureMetrics/Files/UI/Rogue10mRunHUD.h.md	설계·구조·Sprint 기록 저장
Docs/Obsidian/ArchitectureMetrics/Files/UI/Widgets/Rogue10mAtlasImage.cpp.md	설계·구조·Sprint 기록 저장
Docs/Obsidian/ArchitectureMetrics/Files/UI/Widgets/Rogue10mAtlasImage.h.md	설계·구조·Sprint 기록 저장
Docs/Obsidian/ArchitectureMetrics/Files/UI/Widgets/Rogue10mBottomHUDWidget.cpp.md	설계·구조·Sprint 기록 저장
Docs/Obsidian/ArchitectureMetrics/Files/UI/Widgets/Rogue10mBottomHUDWidget.h.md	설계·구조·Sprint 기록 저장
Docs/Obsidian/ArchitectureMetrics/Files/UI/Widgets/Rogue10mCharacterLobbyWidget.cpp.md	설계·구조·Sprint 기록 저장
Docs/Obsidian/ArchitectureMetrics/Files/UI/Widgets/Rogue10mCharacterLobbyWidget.h.md	설계·구조·Sprint 기록 저장
Docs/Obsidian/ArchitectureMetrics/Files/UI/Widgets/Rogue10mDamageIndicatorWidget.cpp.md	설계·구조·Sprint 기록 저장
Docs/Obsidian/ArchitectureMetrics/Files/UI/Widgets/Rogue10mDamageIndicatorWidget.h.md	설계·구조·Sprint 기록 저장
Docs/Obsidian/ArchitectureMetrics/Files/UI/Widgets/Rogue10mHudWidgetParts.cpp.md	설계·구조·Sprint 기록 저장
Docs/Obsidian/ArchitectureMetrics/Files/UI/Widgets/Rogue10mHudWidgetParts.h.md	설계·구조·Sprint 기록 저장
Docs/Obsidian/ArchitectureMetrics/Files/UI/Widgets/Rogue10mItemDragDropOperation.cpp.md	설계·구조·Sprint 기록 저장
Docs/Obsidian/ArchitectureMetrics/Files/UI/Widgets/Rogue10mItemDragDropOperation.h.md	설계·구조·Sprint 기록 저장
Docs/Obsidian/ArchitectureMetrics/Files/UI/Widgets/Rogue10mMainHUDWidget.cpp.md	설계·구조·Sprint 기록 저장
Docs/Obsidian/ArchitectureMetrics/Files/UI/Widgets/Rogue10mMainHUDWidget.h.md	설계·구조·Sprint 기록 저장
Docs/Obsidian/ArchitectureMetrics/Files/UI/Widgets/Rogue10mMainMenuWidget.cpp.md	설계·구조·Sprint 기록 저장
Docs/Obsidian/ArchitectureMetrics/Files/UI/Widgets/Rogue10mMainMenuWidget.h.md	설계·구조·Sprint 기록 저장
Docs/Obsidian/ArchitectureMetrics/Files/UI/Widgets/Rogue10mMenuWindowWidgets.cpp.md	설계·구조·Sprint 기록 저장
Docs/Obsidian/ArchitectureMetrics/Files/UI/Widgets/Rogue10mMenuWindowWidgets.h.md	설계·구조·Sprint 기록 저장
Docs/Obsidian/ArchitectureMetrics/Files/UI/Widgets/Rogue10mSkillDragDropOperation.cpp.md	설계·구조·Sprint 기록 저장
Docs/Obsidian/ArchitectureMetrics/Files/UI/Widgets/Rogue10mSkillDragDropOperation.h.md	설계·구조·Sprint 기록 저장
Docs/Obsidian/ArchitectureMetrics/Files/World/Rogue10mBreakableActor.cpp.md	설계·구조·Sprint 기록 저장
Docs/Obsidian/ArchitectureMetrics/Files/World/Rogue10mBreakableActor.h.md	설계·구조·Sprint 기록 저장
Docs/Obsidian/ArchitectureMetrics/Files/World/Rogue10mDroppedItem.cpp.md	설계·구조·Sprint 기록 저장
Docs/Obsidian/ArchitectureMetrics/Files/World/Rogue10mDroppedItem.h.md	설계·구조·Sprint 기록 저장
Docs/Obsidian/ArchitectureMetrics/Files/World/Rogue10mMapDataLibrary.cpp.md	설계·구조·Sprint 기록 저장
Docs/Obsidian/ArchitectureMetrics/Files/World/Rogue10mMapDataLibrary.h.md	설계·구조·Sprint 기록 저장
Docs/Obsidian/ArchitectureMetrics/Files/World/Rogue10mMonsterSpawner.cpp.md	설계·구조·Sprint 기록 저장
Docs/Obsidian/ArchitectureMetrics/Files/World/Rogue10mMonsterSpawner.h.md	설계·구조·Sprint 기록 저장
Docs/Obsidian/ArchitectureMetrics/Files/World/Rogue10mRunPortal.cpp.md	설계·구조·Sprint 기록 저장
Docs/Obsidian/ArchitectureMetrics/Files/World/Rogue10mRunPortal.h.md	설계·구조·Sprint 기록 저장
Docs/Obsidian/ArchitectureMetrics/Functions/HUD·메뉴.md	설계·구조·Sprint 기록 저장
Docs/Obsidian/ArchitectureMetrics/Functions/몬스터·AI.md	설계·구조·Sprint 기록 저장
Docs/Obsidian/ArchitectureMetrics/Functions/스킬.md	설계·구조·Sprint 기록 저장
Docs/Obsidian/ArchitectureMetrics/Functions/애니메이션·1인칭.md	설계·구조·Sprint 기록 저장
Docs/Obsidian/ArchitectureMetrics/Functions/월드·상호작용.md	설계·구조·Sprint 기록 저장
Docs/Obsidian/ArchitectureMetrics/Functions/인벤토리·장비.md	설계·구조·Sprint 기록 저장
Docs/Obsidian/ArchitectureMetrics/Functions/입력·게임흐름.md	설계·구조·Sprint 기록 저장
Docs/Obsidian/ArchitectureMetrics/Functions/전투.md	설계·구조·Sprint 기록 저장
Docs/Obsidian/ArchitectureMetrics/Functions/체력·성장.md	설계·구조·Sprint 기록 저장
Docs/Obsidian/ArchitectureMetrics/Functions/캐릭터·프로필.md	설계·구조·Sprint 기록 저장
Docs/Obsidian/ArchitectureMetrics/Rogue10m Architecture.canvas	설계·구조·Sprint 기록 저장
Docs/Obsidian/ArchitectureMetrics/functions.json	설계·구조·Sprint 기록 저장
Docs/Obsidian/ArchitectureMetrics/metrics.json	설계·구조·Sprint 기록 저장
Docs/SprintChangeLog.md	설계·구조·Sprint 기록 저장
Feature/architect/2026-08-05_gothic-combat-hud.md	기능 기획·결과·검증 증거 저장
Feature/architect/2026-08-12_common-character-animation-vfx.md	기능 기획·결과·검증 증거 저장
Feature/architect/2026-08-12_dungeon-reward-chest-actor.md	기능 기획·결과·검증 증거 저장
Feature/architect/2026-08-12_full-width-xp-level-bar.md	기능 기획·결과·검증 증거 저장
Feature/architect/2026-08-12_gothic-hud-layout-refinement.md	기능 기획·결과·검증 증거 저장
Feature/architect/2026-08-12_gothic-monster-info-frame.md	기능 기획·결과·검증 증거 저장
Feature/architect/2026-08-12_gothic-ui-application.md	기능 기획·결과·검증 증거 저장
Feature/architect/2026-08-12_heavy-loot-bag-actor.md	기능 기획·결과·검증 증거 저장
Feature/architect/2026-08-12_obsidian-architecture-metrics.md	기능 기획·결과·검증 증거 저장
Feature/architect/2026-08-12_subtle-basic-motion-vfx.md	기능 기획·결과·검증 증거 저장
Feature/architect/2026-08-14_organized-character-vfx.md	기능 기획·결과·검증 증거 저장
Feature/architect/2026-08-15_animation-only-presentation.md	기능 기획·결과·검증 증거 저장
Feature/architect/2026-08-19-martial-artist-skill-tree.md	기능 기획·결과·검증 증거 저장
Feature/architect/2026-08-19_class-combat-animation-vfx.md	기능 기획·결과·검증 증거 저장
Feature/architect/2026-08-19_class-themed-bottom-hud.md	기능 기획·결과·검증 증거 저장
Feature/architect/2026-08-19_weapon-driven-skill-tree.md	기능 기획·결과·검증 증거 저장
Feature/architect/2026-08-26_overwatch-inspired-combat-vfx-amendment.md	기능 기획·결과·검증 증거 저장
Feature/architect/2026-08-26_overwatch-inspired-combat-vfx.md	기능 기획·결과·검증 증거 저장
Feature/architect/2026-09-08_lostark-hud-design-plan.md	기능 기획·결과·검증 증거 저장
Feature/architect/2026-09-08_reference-metal-hud.md	기능 기획·결과·검증 증거 저장
Feature/architect/2026-09-08_responsive-combat-hud.md	기능 기획·결과·검증 증거 저장
Feature/architect/2026-09-09_body-driven-first-person-melee.md	기능 기획·결과·검증 증거 저장
Feature/architect/2026-09-09_first-person-fist-presentation.md	기능 기획·결과·검증 증거 저장
Feature/architect/2026-09-09_quick-melee-hand-orientation.md	기능 기획·결과·검증 증거 저장
Feature/architect/2026-09-10_basic-brawler-inputs.md	기능 기획·결과·검증 증거 저장
Feature/architect/2026-09-10_natural-brawler-motion.md	기능 기획·결과·검증 증거 저장
Feature/architect/2026-09-12_arms-only-first-person.md	기능 기획·결과·검증 증거 저장
Feature/architect/2026-09-12_reference-boxing-combos.md	기능 기획·결과·검증 증거 저장
Feature/architect/2026-09-22_boxing-direct-head-preview.md	기능 기획·결과·검증 증거 저장
Feature/architect/2026-09-22_boxing-reference-stances.md	기능 기획·결과·검증 증거 저장
Feature/architect/2026-09-22_forward-head-framing.md	기능 기획·결과·검증 증거 저장
Feature/architect/2026-09-22_full-body-first-person.md	기능 기획·결과·검증 증거 저장
Feature/architect/2026-09-22_head-attached-camera.md	기능 기획·결과·검증 증거 저장
Feature/architect/2026-09-22_martelo-first-person-preview.md	기능 기획·결과·검증 증거 저장
Feature/architect/2026-09-22_martelo-motion-preview.md	기능 기획·결과·검증 증거 저장
Feature/architect/2026-09-22_obsidian-source-graph.md	기능 기획·결과·검증 증거 저장
Feature/architect/2026-09-22_relaxed-idle-martial-combat.md	기능 기획·결과·검증 증거 저장
Feature/architect/2026-09-23_boxing-basic-attack.md	기능 기획·결과·검증 증거 저장
Feature/architect/2026-09-26_appearance-head-camera.md	기능 기획·결과·검증 증거 저장
Feature/architect/2026-09-28_animation-stability.md	기능 기획·결과·검증 증거 저장
Feature/architect/2026-09-28_full-body-shadow.md	기능 기획·결과·검증 증거 저장
Feature/architect/2026-09-28_personal-studio.md	기능 기획·결과·검증 증거 저장
Feature/architect/2026-09-28_studio-agent-workflow.md	기능 기획·결과·검증 증거 저장
Feature/architect/2026-09-28_studio-task-execution.md	기능 기획·결과·검증 증거 저장
Feature/architect/2026-09-28_third-person-inspection.md	기능 기획·결과·검증 증거 저장
Feature/architect/2026-09-28_unused-file-cleanup.md	기능 기획·결과·검증 증거 저장
Feature/architect/2026-09-28_weapon-animation-plan.md	기능 기획·결과·검증 증거 저장
Feature/architect/2026-09-29_sprint4-main-save.md	기능 기획·결과·검증 증거 저장
Feature/doc/2026-08-05_gothic-combat-hud.md	기능 기획·결과·검증 증거 저장
Feature/doc/2026-08-12_common-character-animation-vfx.md	기능 기획·결과·검증 증거 저장
Feature/doc/2026-08-12_dungeon-reward-chest-actor.md	기능 기획·결과·검증 증거 저장
Feature/doc/2026-08-12_full-width-xp-level-bar.md	기능 기획·결과·검증 증거 저장
Feature/doc/2026-08-12_gothic-hud-layout-refinement.md	기능 기획·결과·검증 증거 저장
Feature/doc/2026-08-12_gothic-monster-info-frame.md	기능 기획·결과·검증 증거 저장
Feature/doc/2026-08-12_gothic-ui-application.md	기능 기획·결과·검증 증거 저장
Feature/doc/2026-08-12_heavy-loot-bag-actor.md	기능 기획·결과·검증 증거 저장
Feature/doc/2026-08-12_obsidian-architecture-metrics.md	기능 기획·결과·검증 증거 저장
Feature/doc/2026-08-12_subtle-basic-motion-vfx.md	기능 기획·결과·검증 증거 저장
Feature/doc/2026-08-14_organized-character-vfx.md	기능 기획·결과·검증 증거 저장
Feature/doc/2026-08-15_animation-only-presentation.md	기능 기획·결과·검증 증거 저장
Feature/doc/2026-08-19-martial-artist-skill-tree.md	기능 기획·결과·검증 증거 저장
Feature/doc/2026-08-19_class-combat-animation-vfx.md	기능 기획·결과·검증 증거 저장
Feature/doc/2026-08-19_class-themed-bottom-hud.md	기능 기획·결과·검증 증거 저장
Feature/doc/2026-08-19_weapon-driven-skill-tree.md	기능 기획·결과·검증 증거 저장
Feature/doc/2026-08-26_overwatch-inspired-combat-vfx.md	기능 기획·결과·검증 증거 저장
Feature/doc/2026-09-08_lostark-hud-design-plan.md	기능 기획·결과·검증 증거 저장
Feature/doc/2026-09-08_responsive-combat-hud.md	기능 기획·결과·검증 증거 저장
Feature/doc/2026-09-09_body-driven-first-person-melee.md	기능 기획·결과·검증 증거 저장
Feature/doc/2026-09-09_first-person-fist-presentation.md	기능 기획·결과·검증 증거 저장
Feature/doc/2026-09-09_quick-melee-hand-orientation.md	기능 기획·결과·검증 증거 저장
Feature/doc/2026-09-09_reference-metal-hud.md	기능 기획·결과·검증 증거 저장
Feature/doc/2026-09-10_basic-brawler-inputs.md	기능 기획·결과·검증 증거 저장
Feature/doc/2026-09-10_natural-brawler-motion.md	기능 기획·결과·검증 증거 저장
Feature/doc/2026-09-12_arms-only-first-person.md	기능 기획·결과·검증 증거 저장
Feature/doc/2026-09-12_impact-animation-reference.md	기능 기획·결과·검증 증거 저장
Feature/doc/2026-09-12_recorded-galbreena-reference.md	기능 기획·결과·검증 증거 저장
Feature/doc/2026-09-12_reference-boxing-combos.md	기능 기획·결과·검증 증거 저장
Feature/doc/2026-09-22_boxing-direct-head-preview.md	기능 기획·결과·검증 증거 저장
Feature/doc/2026-09-22_boxing-reference-stances.md	기능 기획·결과·검증 증거 저장
Feature/doc/2026-09-22_forward-head-framing.md	기능 기획·결과·검증 증거 저장
Feature/doc/2026-09-22_full-body-first-person.md	기능 기획·결과·검증 증거 저장
Feature/doc/2026-09-22_head-attached-camera.md	기능 기획·결과·검증 증거 저장
Feature/doc/2026-09-22_martelo-first-person-preview.md	기능 기획·결과·검증 증거 저장
Feature/doc/2026-09-22_martelo-motion-preview.md	기능 기획·결과·검증 증거 저장
Feature/doc/2026-09-22_obsidian-source-graph.md	기능 기획·결과·검증 증거 저장
Feature/doc/2026-09-22_relaxed-idle-martial-combat.md	기능 기획·결과·검증 증거 저장
Feature/doc/2026-09-26_appearance-head-camera.md	기능 기획·결과·검증 증거 저장
Feature/doc/2026-09-28_animation-stability.md	기능 기획·결과·검증 증거 저장
Feature/doc/2026-09-28_full-body-shadow.md	기능 기획·결과·검증 증거 저장
Feature/doc/2026-09-28_personal-studio.md	기능 기획·결과·검증 증거 저장
Feature/doc/2026-09-28_studio-agent-workflow.md	기능 기획·결과·검증 증거 저장
Feature/doc/2026-09-28_studio-task-execution.md	기능 기획·결과·검증 증거 저장
Feature/doc/2026-09-28_third-person-inspection.md	기능 기획·결과·검증 증거 저장
Feature/doc/2026-09-28_unused-file-cleanup.md	기능 기획·결과·검증 증거 저장
Feature/doc/2026-09-28_weapon-animation-plan.md	기능 기획·결과·검증 증거 저장
Feature/doc/2026-09-29_sprint4-main-save.md	기능 기획·결과·검증 증거 저장
Feature/doc/evidence/animation-stability-20260928/after-contact.jpg	기능 기획·결과·검증 증거 저장
Feature/doc/evidence/animation-stability-20260928/after-gameplay.mp4	기능 기획·결과·검증 증거 저장
Feature/doc/evidence/animation-stability-20260928/after-locomotion-contact.jpg	기능 기획·결과·검증 증거 저장
Feature/doc/evidence/animation-stability-20260928/after-metrics.txt	기능 기획·결과·검증 증거 저장
Feature/doc/evidence/animation-stability-20260928/after-runtime.log	기능 기획·결과·검증 증거 저장
Feature/doc/evidence/animation-stability-20260928/before-analysis.json	기능 기획·결과·검증 증거 저장
Feature/doc/evidence/animation-stability-20260928/before-contact.jpg	기능 기획·결과·검증 증거 저장
Feature/doc/evidence/animation-stability-20260928/before-gameplay.mp4	기능 기획·결과·검증 증거 저장
Feature/doc/evidence/animation-stability-20260928/boxing-assets.json	기능 기획·결과·검증 증거 저장
Feature/doc/evidence/animation-stability-20260928/boxing-source-diagnosis.md	기능 기획·결과·검증 증거 저장
Feature/doc/evidence/animation-stability-20260928/boxing-stability-summary.json	기능 기획·결과·검증 증거 저장
Feature/doc/evidence/animation-stability-20260928/boxing-stability.json	기능 기획·결과·검증 증거 저장
Feature/doc/evidence/animation-stability-20260928/build-final.log	기능 기획·결과·검증 증거 저장
Feature/doc/evidence/animation-stability-20260928/final-files.json	기능 기획·결과·검증 증거 저장
Feature/doc/evidence/animation-stability-20260928/final-independent-runtime-metrics.json	기능 기획·결과·검증 증거 저장
Feature/doc/evidence/animation-stability-20260928/final-runtime-review.md	기능 기획·결과·검증 증거 저장
Feature/doc/evidence/animation-stability-20260928/final-source-review.md	기능 기획·결과·검증 증거 저장
Feature/doc/evidence/animation-stability-20260928/hook-blend.json	기능 기획·결과·검증 증거 저장
Feature/doc/evidence/animation-stability-20260928/independent-after-metrics.json	기능 기획·결과·검증 증거 저장
Feature/doc/evidence/animation-stability-20260928/independent-after-review.md	기능 기획·결과·검증 증거 저장
Feature/doc/evidence/animation-stability-20260928/independent-before-metrics.json	기능 기획·결과·검증 증거 저장
Feature/doc/evidence/animation-stability-20260928/independent-before-vs-after.json	기능 기획·결과·검증 증거 저장
Feature/doc/evidence/animation-stability-20260928/independent-rmb-review.md	기능 기획·결과·검증 증거 저장
Feature/doc/evidence/animation-stability-20260928/independent-root-only-metrics.json	기능 기획·결과·검증 증거 저장
Feature/doc/evidence/animation-stability-20260928/independent_attack_comparison.py	기능 기획·결과·검증 증거 저장
Feature/doc/evidence/animation-stability-20260928/independent_baseline.py	기능 기획·결과·검증 증거 저장
Feature/doc/evidence/animation-stability-20260928/media-validation.json	기능 기획·결과·검증 증거 저장
Feature/doc/evidence/animation-stability-20260928/retarget-ab-summary.json	기능 기획·결과·검증 증거 저장
Feature/doc/evidence/animation-stability-20260928/retarget-findings.md	기능 기획·결과·검증 증거 저장
Feature/doc/evidence/animation-stability-20260928/retarget-policy.json	기능 기획·결과·검증 증거 저장
Feature/doc/evidence/animation-stability-20260928/root-no-ik-contact.jpg	기능 기획·결과·검증 증거 저장
Feature/doc/evidence/animation-stability-20260928/root-no-ik-gameplay.mp4	기능 기획·결과·검증 증거 저장
Feature/doc/evidence/animation-stability-20260928/root-only-contact.jpg	기능 기획·결과·검증 증거 저장
Feature/doc/evidence/animation-stability-20260928/root-only-gameplay.mp4	기능 기획·결과·검증 증거 저장
Feature/doc/evidence/animation-stability-20260928/root-only-independent-metrics.json	기능 기획·결과·검증 증거 저장
Feature/doc/evidence/animation-stability-20260928/root-only-runtime-review.md	기능 기획·결과·검증 증거 저장
Feature/doc/evidence/animation-stability-20260928/runtime-pose-captures.zip	기능 기획·결과·검증 증거 저장
Feature/doc/evidence/animation-stability-20260928/secondary-after-original-comparison.json	기능 기획·결과·검증 증거 저장
Feature/doc/evidence/animation-stability-20260928/secondary-independent-conclusions.json	기능 기획·결과·검증 증거 저장
Feature/doc/evidence/animation-stability-20260928/secondary-stability-summary.json	기능 기획·결과·검증 증거 저장
Feature/doc/evidence/animation-stability-20260928/secondary-stability.json	기능 기획·결과·검증 증거 저장
Feature/doc/evidence/animation-stability-20260928/source-ik-order-preview.json	기능 기획·결과·검증 증거 저장
Feature/doc/evidence/animation-stability-20260928/source-ik-order.json	기능 기획·결과·검증 증거 저장
Feature/doc/evidence/animation-stability-20260928/v-regression.log	기능 기획·결과·검증 증거 저장
Feature/doc/evidence/animation-stability-20260928/verify_native_runtime.py	기능 기획·결과·검증 증거 저장
Feature/doc/evidence/appearance-head-20260926/after-hashes.json	기능 기획·결과·검증 증거 저장
Feature/doc/evidence/appearance-head-20260926/appearance-head-gameplay.mp4	기능 기획·결과·검증 증거 저장
Feature/doc/evidence/appearance-head-20260926/assets.log	기능 기획·결과·검증 증거 저장
Feature/doc/evidence/appearance-head-20260926/before-hashes.json	기능 기획·결과·검증 증거 저장
Feature/doc/evidence/appearance-head-20260926/boxing-assets.json	기능 기획·결과·검증 증거 저장
Feature/doc/evidence/appearance-head-20260926/build-geometry.log	기능 기획·결과·검증 증거 저장
Feature/doc/evidence/appearance-head-20260926/build-verified.log	기능 기획·결과·검증 증거 저장
Feature/doc/evidence/appearance-head-20260926/encode.py	기능 기획·결과·검증 증거 저장
Feature/doc/evidence/appearance-head-20260926/final.log	기능 기획·결과·검증 증거 저장
Feature/doc/evidence/appearance-head-20260926/geometry-verified.log	기능 기획·결과·검증 증거 저장
Feature/doc/evidence/appearance-head-20260926/review.jpg	기능 기획·결과·검증 증거 저장
Feature/doc/evidence/appearance-head-20260926/run.ps1	기능 기획·결과·검증 증거 저장
Feature/doc/evidence/appearance-head-20260926/runtime.log	기능 기획·결과·검증 증거 저장
Feature/doc/evidence/appearance-head-20260926/source-review-hashes.json	기능 기획·결과·검증 증거 저장
Feature/doc/evidence/appearance-head-20260926/source-review.md	기능 기획·결과·검증 증거 저장
Feature/doc/evidence/appearance-head-20260926/video-metadata.json	기능 기획·결과·검증 증거 저장
Feature/doc/evidence/arms-only-20260912/asset-hashes.json	기능 기획·결과·검증 증거 저장
Feature/doc/evidence/arms-only-20260912/asset-result.txt	기능 기획·결과·검증 증거 저장
Feature/doc/evidence/arms-only-20260912/assets.log	기능 기획·결과·검증 증거 저장
Feature/doc/evidence/arms-only-20260912/basic-regression.log	기능 기획·결과·검증 증거 저장
Feature/doc/evidence/arms-only-20260912/build-final.log	기능 기획·결과·검증 증거 저장
Feature/doc/evidence/arms-only-20260912/build-input-isolation.log	기능 기획·결과·검증 증거 저장
Feature/doc/evidence/arms-only-20260912/build-tests.log	기능 기획·결과·검증 증거 저장
Feature/doc/evidence/arms-only-20260912/build.log	기능 기획·결과·검증 증거 저장
Feature/doc/evidence/arms-only-20260912/harness-check.log	기능 기획·결과·검증 증거 저장
Feature/doc/evidence/arms-only-20260912/knuckle-regression.log	기능 기획·결과·검증 증거 저장
Feature/doc/evidence/arms-only-20260912/reference-comparison.md	기능 기획·결과·검증 증거 저장
Feature/doc/evidence/arms-only-20260912/runtime.log	기능 기획·결과·검증 증거 저장
Feature/doc/evidence/arms-only-20260912/source-review.md	기능 기획·결과·검증 증거 저장
Feature/doc/evidence/arms-only-20260912/visual-review.md	기능 기획·결과·검증 증거 저장
Feature/doc/evidence/basic-brawler-20260910/assets-first-pass.log	기능 기획·결과·검증 증거 저장
Feature/doc/evidence/basic-brawler-20260910/assets.log	기능 기획·결과·검증 증거 저장
Feature/doc/evidence/basic-brawler-20260910/build.log	기능 기획·결과·검증 증거 저장
Feature/doc/evidence/basic-brawler-20260910/existing-asset-hashes.json	기능 기획·결과·검증 증거 저장
Feature/doc/evidence/basic-brawler-20260910/reference-access.md	기능 기획·결과·검증 증거 저장
Feature/doc/evidence/basic-brawler-20260910/regression.log	기능 기획·결과·검증 증거 저장
Feature/doc/evidence/basic-brawler-20260910/review.md	기능 기획·결과·검증 증거 저장
Feature/doc/evidence/basic-brawler-20260910/runtime-first-pass.log	기능 기획·결과·검증 증거 저장
Feature/doc/evidence/basic-brawler-20260910/runtime-second-pass.log	기능 기획·결과·검증 증거 저장
Feature/doc/evidence/basic-brawler-20260910/runtime.log	기능 기획·결과·검증 증거 저장
Feature/doc/evidence/body-melee-20260909/build-final.log	기능 기획·결과·검증 증거 저장
Feature/doc/evidence/body-melee-20260909/build.log	기능 기획·결과·검증 증거 저장
Feature/doc/evidence/body-melee-20260909/reference-access.md	기능 기획·결과·검증 증거 저장
Feature/doc/evidence/body-melee-20260909/runtime-final.txt	기능 기획·결과·검증 증거 저장
Feature/doc/evidence/boxing-basic-20260923/asset-validation.json	기능 기획·결과·검증 증거 저장
Feature/doc/evidence/boxing-basic-20260923/asset.log	기능 기획·결과·검증 증거 저장
Feature/doc/evidence/boxing-basic-20260923/before-hashes.json	기능 기획·결과·검증 증거 저장
Feature/doc/evidence/boxing-basic-20260923/source-review.md	기능 기획·결과·검증 증거 저장
Feature/doc/evidence/boxing-combos-20260912/actual-hand-peaks.json	기능 기획·결과·검증 증거 저장
Feature/doc/evidence/boxing-combos-20260912/asset-hashes.json	기능 기획·결과·검증 증거 저장
Feature/doc/evidence/boxing-combos-20260912/assets.log	기능 기획·결과·검증 증거 저장
Feature/doc/evidence/boxing-combos-20260912/basic-first-review.log	기능 기획·결과·검증 증거 저장
Feature/doc/evidence/boxing-combos-20260912/basic-regression.log	기능 기획·결과·검증 증거 저장
Feature/doc/evidence/boxing-combos-20260912/build-final.log	기능 기획·결과·검증 증거 저장
Feature/doc/evidence/boxing-combos-20260912/build-pose-polish.log	기능 기획·결과·검증 증거 저장
Feature/doc/evidence/boxing-combos-20260912/build-test-fix.log	기능 기획·결과·검증 증거 저장
Feature/doc/evidence/boxing-combos-20260912/build.log	기능 기획·결과·검증 증거 저장
Feature/doc/evidence/boxing-combos-20260912/encode.log	기능 기획·결과·검증 증거 저장
Feature/doc/evidence/boxing-combos-20260912/feedback-fixture-failure.log	기능 기획·결과·검증 증거 저장
Feature/doc/evidence/boxing-combos-20260912/feedback.log	기능 기획·결과·검증 증거 저장
Feature/doc/evidence/boxing-combos-20260912/generated-check.log	기능 기획·결과·검증 증거 저장
Feature/doc/evidence/boxing-combos-20260912/knuckle-regression.log	기능 기획·결과·검증 증거 저장
Feature/doc/evidence/boxing-combos-20260912/runtime.log	기능 기획·결과·검증 증거 저장
Feature/doc/evidence/boxing-combos-20260912/scoped-source.patch	기능 기획·결과·검증 증거 저장
Feature/doc/evidence/boxing-combos-20260912/source-review.md	기능 기획·결과·검증 증거 저장
Feature/doc/evidence/boxing-combos-20260912/visual-review.md	기능 기획·결과·검증 증거 저장
Feature/doc/evidence/boxing-direct-head-20260922/after-hashes.json	기능 기획·결과·검증 증거 저장
Feature/doc/evidence/boxing-direct-head-20260922/before-hashes.json	기능 기획·결과·검증 증거 저장
Feature/doc/evidence/boxing-direct-head-20260922/build-final.log	기능 기획·결과·검증 증거 저장
Feature/doc/evidence/boxing-direct-head-20260922/build.log	기능 기획·결과·검증 증거 저장
Feature/doc/evidence/boxing-direct-head-20260922/camera-limit-analysis.json	기능 기획·결과·검증 증거 저장
Feature/doc/evidence/boxing-direct-head-20260922/diff-warnings.log	기능 기획·결과·검증 증거 저장
Feature/doc/evidence/boxing-direct-head-20260922/encode-comparison.log	기능 기획·결과·검증 증거 저장
Feature/doc/evidence/boxing-direct-head-20260922/encode-lookdown.log	기능 기획·결과·검증 증거 저장
Feature/doc/evidence/boxing-direct-head-20260922/encode.log	기능 기획·결과·검증 증거 저장
Feature/doc/evidence/boxing-direct-head-20260922/import-report.json	기능 기획·결과·검증 증거 저장
Feature/doc/evidence/boxing-direct-head-20260922/import.log	기능 기획·결과·검증 증거 저장
Feature/doc/evidence/boxing-direct-head-20260922/lookdown.log	기능 기획·결과·검증 증거 저장
Feature/doc/evidence/boxing-direct-head-20260922/lookdown40.log	기능 기획·결과·검증 증거 저장
Feature/doc/evidence/boxing-direct-head-20260922/make-lookdown.py	기능 기획·결과·검증 증거 저장
Feature/doc/evidence/boxing-direct-head-20260922/make-lookdown40.py	기능 기획·결과·검증 증거 저장
Feature/doc/evidence/boxing-direct-head-20260922/make-preview.py	기능 기획·결과·검증 증거 저장
Feature/doc/evidence/boxing-direct-head-20260922/path-check.log	기능 기획·결과·검증 증거 저장
Feature/doc/evidence/boxing-direct-head-20260922/preview.log	기능 기획·결과·검증 증거 저장
Feature/doc/evidence/boxing-direct-head-20260922/retarget-poses.json	기능 기획·결과·검증 증거 저장
Feature/doc/evidence/boxing-direct-head-20260922/run.ps1	기능 기획·결과·검증 증거 저장
Feature/doc/evidence/boxing-direct-head-20260922/source-review.md	기능 기획·결과·검증 증거 저장
Feature/doc/evidence/boxing-direct-head-20260922/source-target-comparison.json	기능 기획·결과·검증 증거 저장
Feature/doc/evidence/boxing-direct-head-20260922/validate-source-target.py	기능 기획·결과·검증 증거 저장
Feature/doc/evidence/boxing-direct-head-20260922/validation-final.json	기능 기획·결과·검증 증거 저장
Feature/doc/evidence/boxing-direct-head-20260922/video-probe.json	기능 기획·결과·검증 증거 저장
Feature/doc/evidence/boxing-direct-head-20260922/visual-lookdown-fast.jpg	기능 기획·결과·검증 증거 저장
Feature/doc/evidence/boxing-direct-head-20260922/visual-lookdown-return.jpg	기능 기획·결과·검증 증거 저장
Feature/doc/evidence/boxing-direct-head-20260922/visual-lookdown40-fast.jpg	기능 기획·결과·검증 증거 저장
Feature/doc/evidence/boxing-direct-head-20260922/visual-lookdown40-return.jpg	기능 기획·결과·검증 증거 저장
Feature/doc/evidence/boxing-direct-head-20260922/visual-review.md	기능 기획·결과·검증 증거 저장
Feature/doc/evidence/boxing-direct-head-20260922/visual-source-fast.jpg	기능 기획·결과·검증 증거 저장
Feature/doc/evidence/boxing-direct-head-20260922/visual-source-return.jpg	기능 기획·결과·검증 증거 저장
Feature/doc/evidence/boxing-reference-20260922/actual-hand-peaks.json	기능 기획·결과·검증 증거 저장
Feature/doc/evidence/boxing-reference-20260922/analysis-summary.md	기능 기획·결과·검증 증거 저장
Feature/doc/evidence/boxing-reference-20260922/boxing-motion-analysis.json	기능 기획·결과·검증 증거 저장
Feature/doc/evidence/boxing-reference-20260922/boxing-source-motion.json	기능 기획·결과·검증 증거 저장
Feature/doc/evidence/boxing-reference-20260922/boxing.log	기능 기획·결과·검증 증거 저장
Feature/doc/evidence/boxing-reference-20260922/build-inspector.cmd	기능 기획·결과·검증 증거 저장
Feature/doc/evidence/boxing-reference-20260922/build.log	기능 기획·결과·검증 증거 저장
Feature/doc/evidence/boxing-reference-20260922/diff-check.log	기능 기획·결과·검증 증거 저장
Feature/doc/evidence/boxing-reference-20260922/encode-boxing.log	기능 기획·결과·검증 증거 저장
Feature/doc/evidence/boxing-reference-20260922/encode-longguard.log	기능 기획·결과·검증 증거 저장
Feature/doc/evidence/boxing-reference-20260922/encode-rooted.log	기능 기획·결과·검증 증거 저장
Feature/doc/evidence/boxing-reference-20260922/encode.log	기능 기획·결과·검증 증거 저장
Feature/doc/evidence/boxing-reference-20260922/feature-source.patch	기능 기획·결과·검증 증거 저장
Feature/doc/evidence/boxing-reference-20260922/fist.log	기능 기획·결과·검증 증거 저장
Feature/doc/evidence/boxing-reference-20260922/gameplay-video-probe.json	기능 기획·결과·검증 증거 저장
Feature/doc/evidence/boxing-reference-20260922/inspect.cpp	기능 기획·결과·검증 증거 저장
Feature/doc/evidence/boxing-reference-20260922/legacy.log	기능 기획·결과·검증 증거 저장
Feature/doc/evidence/boxing-reference-20260922/longguard.log	기능 기획·결과·검증 증거 저장
Feature/doc/evidence/boxing-reference-20260922/path-check.log	기능 기획·결과·검증 증거 저장
Feature/doc/evidence/boxing-reference-20260922/rooted.log	기능 기획·결과·검증 증거 저장
Feature/doc/evidence/boxing-reference-20260922/shared-asset-hashes.json	기능 기획·결과·검증 증거 저장
Feature/doc/evidence/boxing-reference-20260922/source-review.md	기능 기획·결과·검증 증거 저장
Feature/doc/evidence/boxing-reference-20260922/video-probe.json	기능 기획·결과·검증 증거 저장
Feature/doc/evidence/boxing-reference-20260922/visual-boxing.jpg	기능 기획·결과·검증 증거 저장
Feature/doc/evidence/boxing-reference-20260922/visual-longguard.jpg	기능 기획·결과·검증 증거 저장
Feature/doc/evidence/boxing-reference-20260922/visual-review.md	기능 기획·결과·검증 증거 저장
Feature/doc/evidence/boxing-reference-20260922/visual-rooted.jpg	기능 기획·결과·검증 증거 저장
Feature/doc/evidence/first-person-fist-20260909/build.log	기능 기획·결과·검증 증거 저장
Feature/doc/evidence/first-person-fist-20260909/editor-setup.txt	기능 기획·결과·검증 증거 저장
Feature/doc/evidence/first-person-fist-20260909/fist-runtime.txt	기능 기획·결과·검증 증거 저장
Feature/doc/evidence/first-person-fist-20260909/hud-runtime.txt	기능 기획·결과·검증 증거 저장
Feature/doc/evidence/full-body-first-person-20260922/basic-final.log	기능 기획·결과·검증 증거 저장
Feature/doc/evidence/full-body-first-person-20260922/build-final.log	기능 기획·결과·검증 증거 저장
Feature/doc/evidence/full-body-first-person-20260922/diagnostic-before-render-fix.jpg	기능 기획·결과·검증 증거 저장
Feature/doc/evidence/full-body-first-person-20260922/diagnostic-fullbody-clean.jpg	기능 기획·결과·검증 증거 저장
Feature/doc/evidence/full-body-first-person-20260922/diff-check.log	기능 기획·결과·검증 증거 저장
Feature/doc/evidence/full-body-first-person-20260922/encode.log	기능 기획·결과·검증 증거 저장
Feature/doc/evidence/full-body-first-person-20260922/feature-source.patch	기능 기획·결과·검증 증거 저장
Feature/doc/evidence/full-body-first-person-20260922/fist-final.log	기능 기획·결과·검증 증거 저장
Feature/doc/evidence/full-body-first-person-20260922/guard-reach-analysis.json	기능 기획·결과·검증 증거 저장
Feature/doc/evidence/full-body-first-person-20260922/legacy-final.log	기능 기획·결과·검증 증거 저장
Feature/doc/evidence/full-body-first-person-20260922/mask.log	기능 기획·결과·검증 증거 저장
Feature/doc/evidence/full-body-first-person-20260922/materials.log	기능 기획·결과·검증 증거 저장
Feature/doc/evidence/full-body-first-person-20260922/path-check.log	기능 기획·결과·검증 증거 저장
Feature/doc/evidence/full-body-first-person-20260922/preview.log	기능 기획·결과·검증 증거 저장
Feature/doc/evidence/full-body-first-person-20260922/shared-asset-hashes.json	기능 기획·결과·검증 증거 저장
Feature/doc/evidence/full-body-first-person-20260922/source-review.md	기능 기획·결과·검증 증거 저장
Feature/doc/evidence/full-body-first-person-20260922/video-probe.json	기능 기획·결과·검증 증거 저장
Feature/doc/evidence/full-body-first-person-20260922/visual-review.md	기능 기획·결과·검증 증거 저장
Feature/doc/evidence/full-body-shadow-20260928/after.png	기능 기획·결과·검증 증거 저장
Feature/doc/evidence/full-body-shadow-20260928/before-after.jpg	기능 기획·결과·검증 증거 저장
Feature/doc/evidence/full-body-shadow-20260928/before.png	기능 기획·결과·검증 증거 저장
Feature/doc/evidence/full-body-shadow-20260928/build-final.log	기능 기획·결과·검증 증거 저장
Feature/doc/evidence/full-body-shadow-20260928/build-first-failed.log	기능 기획·결과·검증 증거 저장
Feature/doc/evidence/full-body-shadow-20260928/frames.csv	기능 기획·결과·검증 증거 저장
Feature/doc/evidence/full-body-shadow-20260928/pixel-and-state-review.json	기능 기획·결과·검증 증거 저장
Feature/doc/evidence/full-body-shadow-20260928/result.txt	기능 기획·결과·검증 증거 저장
Feature/doc/evidence/full-body-shadow-20260928/runtime-review.md	기능 기획·결과·검증 증거 저장
Feature/doc/evidence/full-body-shadow-20260928/runtime.log	기능 기획·결과·검증 증거 저장
Feature/doc/evidence/full-body-shadow-20260928/source-review.md	기능 기획·결과·검증 증거 저장
Feature/doc/evidence/full-body-shadow-20260928/source-sha256.json	기능 기획·결과·검증 증거 저장
Feature/doc/evidence/full-body-shadow-20260928/v-regression.log	기능 기획·결과·검증 증거 저장
Feature/doc/evidence/full-body-shadow-20260928/verify_shadow_evidence.py	기능 기획·결과·검증 증거 저장
Feature/doc/evidence/head-attached-camera-20260922/basic.log	기능 기획·결과·검증 증거 저장
Feature/doc/evidence/head-attached-camera-20260922/build-final.log	기능 기획·결과·검증 증거 저장
Feature/doc/evidence/head-attached-camera-20260922/diff-check.log	기능 기획·결과·검증 증거 저장
Feature/doc/evidence/head-attached-camera-20260922/encode.log	기능 기획·결과·검증 증거 저장
Feature/doc/evidence/head-attached-camera-20260922/feature-source.patch	기능 기획·결과·검증 증거 저장
Feature/doc/evidence/head-attached-camera-20260922/fist.log	기능 기획·결과·검증 증거 저장
Feature/doc/evidence/head-attached-camera-20260922/gait-jump-review.jpg	기능 기획·결과·검증 증거 저장
Feature/doc/evidence/head-attached-camera-20260922/head-excursion-summary.json	기능 기획·결과·검증 증거 저장
Feature/doc/evidence/head-attached-camera-20260922/head-final.log	기능 기획·결과·검증 증거 저장
Feature/doc/evidence/head-attached-camera-20260922/legacy.log	기능 기획·결과·검증 증거 저장
Feature/doc/evidence/head-attached-camera-20260922/path-check.log	기능 기획·결과·검증 증거 저장
Feature/doc/evidence/head-attached-camera-20260922/preview-final.log	기능 기획·결과·검증 증거 저장
Feature/doc/evidence/head-attached-camera-20260922/retarget-head-poses.json	기능 기획·결과·검증 증거 저장
Feature/doc/evidence/head-attached-camera-20260922/shared-asset-hashes.json	기능 기획·결과·검증 증거 저장
Feature/doc/evidence/head-attached-camera-20260922/source-review.md	기능 기획·결과·검증 증거 저장
Feature/doc/evidence/head-attached-camera-20260922/video-probe.json	기능 기획·결과·검증 증거 저장
Feature/doc/evidence/head-attached-camera-20260922/visual-review.md	기능 기획·결과·검증 증거 저장
Feature/doc/evidence/head-framing-20260922/asset-hashes.json	기능 기획·결과·검증 증거 저장
Feature/doc/evidence/head-framing-20260922/before-hashes.json	기능 기획·결과·검증 증거 저장
Feature/doc/evidence/head-framing-20260922/build-final.log	기능 기획·결과·검증 증거 저장
Feature/doc/evidence/head-framing-20260922/build-retry.log	기능 기획·결과·검증 증거 저장
Feature/doc/evidence/head-framing-20260922/build.log	기능 기획·결과·검증 증거 저장
Feature/doc/evidence/head-framing-20260922/diff-check.log	기능 기획·결과·검증 증거 저장
Feature/doc/evidence/head-framing-20260922/encode.ps1	기능 기획·결과·검증 증거 저장
Feature/doc/evidence/head-framing-20260922/forward30.log	기능 기획·결과·검증 증거 저장
Feature/doc/evidence/head-framing-20260922/generated-check.log	기능 기획·결과·검증 증거 저장
Feature/doc/evidence/head-framing-20260922/head-regression.log	기능 기획·결과·검증 증거 저장
Feature/doc/evidence/head-framing-20260922/initial-final.log	기능 기획·결과·검증 증거 저장
Feature/doc/evidence/head-framing-20260922/initial.log	기능 기획·결과·검증 증거 저장
Feature/doc/evidence/head-framing-20260922/input-fixture-note.md	기능 기획·결과·검증 증거 저장
Feature/doc/evidence/head-framing-20260922/make-forward30.py	기능 기획·결과·검증 증거 저장
Feature/doc/evidence/head-framing-20260922/run.ps1	기능 기획·결과·검증 증거 저장
Feature/doc/evidence/head-framing-20260922/scoped-changes.patch	기능 기획·결과·검증 증거 저장
Feature/doc/evidence/head-framing-20260922/source-review.md	기능 기획·결과·검증 증거 저장
Feature/doc/evidence/head-framing-20260922/video-probe.json	기능 기획·결과·검증 증거 저장
Feature/doc/evidence/head-framing-20260922/visual-initial-game.jpg	기능 기획·결과·검증 증거 저장
Feature/doc/evidence/head-framing-20260922/visual-review.md	기능 기획·결과·검증 증거 저장
Feature/doc/evidence/head-framing-20260922/visual-view-comparison.jpg	기능 기획·결과·검증 증거 저장
Feature/doc/evidence/impact-reference-20260912/camera-change.jpg	기능 기획·결과·검증 증거 저장
Feature/doc/evidence/impact-reference-20260912/enemy-reaction.jpg	기능 기획·결과·검증 증거 저장
Feature/doc/evidence/impact-reference-20260912/overview_0.jpg	기능 기획·결과·검증 증거 저장
Feature/doc/evidence/impact-reference-20260912/overview_1.jpg	기능 기획·결과·검증 증거 저장
Feature/doc/evidence/main-save-20260929/changed-files.tsv	기능 기획·결과·검증 증거 저장
Feature/doc/evidence/martelo-first-person-20260922/assets-persistent.log	기능 기획·결과·검증 증거 저장
Feature/doc/evidence/martelo-first-person-20260922/assets-repeat.log	기능 기획·결과·검증 증거 저장
Feature/doc/evidence/martelo-first-person-20260922/assets-reuse.log	기능 기획·결과·검증 증거 저장
Feature/doc/evidence/martelo-first-person-20260922/assets.log	기능 기획·결과·검증 증거 저장
Feature/doc/evidence/martelo-first-person-20260922/before-hashes.json	기능 기획·결과·검증 증거 저장
Feature/doc/evidence/martelo-first-person-20260922/build.log	기능 기획·결과·검증 증거 저장
Feature/doc/evidence/martelo-first-person-20260922/cleanup.log	기능 기획·결과·검증 증거 저장
Feature/doc/evidence/martelo-first-person-20260922/diff-check.log	기능 기획·결과·검증 증거 저장
Feature/doc/evidence/martelo-first-person-20260922/encode.log	기능 기획·결과·검증 증거 저장
Feature/doc/evidence/martelo-first-person-20260922/path-check.log	기능 기획·결과·검증 증거 저장
Feature/doc/evidence/martelo-first-person-20260922/preview-cleanup.json	기능 기획·결과·검증 증거 저장
Feature/doc/evidence/martelo-first-person-20260922/proxy-motion-comparison.json	기능 기획·결과·검증 증거 저장
Feature/doc/evidence/martelo-first-person-20260922/retarget-poses.json	기능 기획·결과·검증 증거 저장
Feature/doc/evidence/martelo-first-person-20260922/reuse-comparison.json	기능 기획·결과·검증 증거 저장
Feature/doc/evidence/martelo-first-person-20260922/runtime.log	기능 기획·결과·검증 증거 저장
Feature/doc/evidence/martelo-first-person-20260922/shared-asset-hashes.json	기능 기획·결과·검증 증거 저장
Feature/doc/evidence/martelo-first-person-20260922/source-review.md	기능 기획·결과·검증 증거 저장
Feature/doc/evidence/martelo-first-person-20260922/video-probe.json	기능 기획·결과·검증 증거 저장
Feature/doc/evidence/martelo-first-person-20260922/visual-review.md	기능 기획·결과·검증 증거 저장
Feature/doc/evidence/martelo-preview-20260922/motion.json	기능 기획·결과·검증 증거 저장
Feature/doc/evidence/natural-brawler-20260910/asset-hashes.json	기능 기획·결과·검증 증거 저장
Feature/doc/evidence/natural-brawler-20260910/assets.log	기능 기획·결과·검증 증거 저장
Feature/doc/evidence/natural-brawler-20260910/build.log	기능 기획·결과·검증 증거 저장
Feature/doc/evidence/natural-brawler-20260910/regression.log	기능 기획·결과·검증 증거 저장
Feature/doc/evidence/natural-brawler-20260910/review.md	기능 기획·결과·검증 증거 저장
Feature/doc/evidence/natural-brawler-20260910/runtime-first-pass.log	기능 기획·결과·검증 증거 저장
Feature/doc/evidence/natural-brawler-20260910/runtime.log	기능 기획·결과·검증 증거 저장
Feature/doc/evidence/personal-studio-20260928/desktop.png	기능 기획·결과·검증 증거 저장
Feature/doc/evidence/personal-studio-20260928/mobile.png	기능 기획·결과·검증 증거 저장
Feature/doc/evidence/quick-melee-20260909/build.log	기능 기획·결과·검증 증거 저장
Feature/doc/evidence/quick-melee-20260909/runtime.txt	기능 기획·결과·검증 증거 저장
Feature/doc/evidence/quick-melee-20260909/source-finger-angles.json	기능 기획·결과·검증 증거 저장
Feature/doc/evidence/recorded-reference-20260912/attack_sheet.jpg	기능 기획·결과·검증 증거 저장
Feature/doc/evidence/recorded-reference-20260912/move_sheet.jpg	기능 기획·결과·검증 증거 저장
Feature/doc/evidence/recorded-reference-20260912/overview_sheet_0.jpg	기능 기획·결과·검증 증거 저장
Feature/doc/evidence/recorded-reference-20260912/overview_sheet_1.jpg	기능 기획·결과·검증 증거 저장
Feature/doc/evidence/reference-metal-hud-20260909/runtime-polished.log	기능 기획·결과·검증 증거 저장
Feature/doc/evidence/reference-metal-hud-20260909/setup-polished.log	기능 기획·결과·검증 증거 저장
Feature/doc/evidence/relaxed-idle-20260922/after-hashes.json	기능 기획·결과·검증 증거 저장
Feature/doc/evidence/relaxed-idle-20260922/arms-regression.log	기능 기획·결과·검증 증거 저장
Feature/doc/evidence/relaxed-idle-20260922/basic-regression.log	기능 기획·결과·검증 증거 저장
Feature/doc/evidence/relaxed-idle-20260922/before-hashes.json	기능 기획·결과·검증 증거 저장
Feature/doc/evidence/relaxed-idle-20260922/build-final.log	기능 기획·결과·검증 증거 저장
Feature/doc/evidence/relaxed-idle-20260922/diff-check.log	기능 기획·결과·검증 증거 저장
Feature/doc/evidence/relaxed-idle-20260922/encode.log	기능 기획·결과·검증 증거 저장
Feature/doc/evidence/relaxed-idle-20260922/final-source-hashes.json	기능 기획·결과·검증 증거 저장
Feature/doc/evidence/relaxed-idle-20260922/first-run-motion-analysis.json	기능 기획·결과·검증 증거 저장
Feature/doc/evidence/relaxed-idle-20260922/knuckle-regression.log	기능 기획·결과·검증 증거 저장
Feature/doc/evidence/relaxed-idle-20260922/make-preview.py	기능 기획·결과·검증 증거 저장
Feature/doc/evidence/relaxed-idle-20260922/path-check.log	기능 기획·결과·검증 증거 저장
Feature/doc/evidence/relaxed-idle-20260922/preview.log	기능 기획·결과·검증 증거 저장
Feature/doc/evidence/relaxed-idle-20260922/reentry-final.log	기능 기획·결과·검증 증거 저장
Feature/doc/evidence/relaxed-idle-20260922/run.ps1	기능 기획·결과·검증 증거 저장
Feature/doc/evidence/relaxed-idle-20260922/scoped-source.patch	기능 기획·결과·검증 증거 저장
Feature/doc/evidence/relaxed-idle-20260922/source-review.md	기능 기획·결과·검증 증거 저장
Feature/doc/evidence/relaxed-idle-20260922/video-probe.json	기능 기획·결과·검증 증거 저장
Feature/doc/evidence/relaxed-idle-20260922/visual-review-0.jpg	기능 기획·결과·검증 증거 저장
Feature/doc/evidence/relaxed-idle-20260922/visual-review-1.jpg	기능 기획·결과·검증 증거 저장
Feature/doc/evidence/relaxed-idle-20260922/visual-review.md	기능 기획·결과·검증 증거 저장
Feature/doc/evidence/responsive-hud-20260908/runtime-verified.log	기능 기획·결과·검증 증거 저장
Feature/doc/evidence/responsive-hud-20260908/setup-editor-final.log	기능 기획·결과·검증 증거 저장
Feature/doc/evidence/studio-agent-workflow-20260928/agent-role-detail.png	기능 기획·결과·검증 증거 저장
Feature/doc/evidence/studio-agent-workflow-20260928/agents-completed-desktop.png	기능 기획·결과·검증 증거 저장
Feature/doc/evidence/studio-agent-workflow-20260928/agents-mobile.png	기능 기획·결과·검증 증거 저장
Feature/doc/evidence/studio-agent-workflow-20260928/agents-verifying-desktop.png	기능 기획·결과·검증 증거 저장
Feature/doc/evidence/studio-agent-workflow-20260928/live-engine-blocked.png	기능 기획·결과·검증 증거 저장
Feature/doc/evidence/studio-agent-workflow-20260928/real-agent-blocked-evidence.json	기능 기획·결과·검증 증거 저장
Feature/doc/evidence/studio-agent-workflow-20260928/real-agent-blocked-result.json	기능 기획·결과·검증 증거 저장
Feature/doc/evidence/studio-agent-workflow-20260928/workspace-desktop.png	기능 기획·결과·검증 증거 저장
Feature/doc/evidence/studio-agent-workflow-20260928/workspace-mobile.png	기능 기획·결과·검증 증거 저장
Feature/doc/evidence/studio-task-execution-20260928/actual-result.png	기능 기획·결과·검증 증거 저장
Feature/doc/evidence/studio-task-execution-20260928/actual-schedule.png	기능 기획·결과·검증 증거 저장
Feature/doc/evidence/studio-task-execution-20260928/queue-desktop.png	기능 기획·결과·검증 증거 저장
Feature/doc/evidence/studio-task-execution-20260928/queue-mobile.png	기능 기획·결과·검증 증거 저장
Feature/doc/evidence/third-person-inspection-20260928/build-final.log	기능 기획·결과·검증 증거 저장
Feature/doc/evidence/third-person-inspection-20260928/build-verified.log	기능 기획·결과·검증 증거 저장
Feature/doc/evidence/third-person-inspection-20260928/build.log	기능 기획·결과·검증 증거 저장
Feature/doc/evidence/third-person-inspection-20260928/contact-sheet.jpg	기능 기획·결과·검증 증거 저장
Feature/doc/evidence/third-person-inspection-20260928/encode.py	기능 기획·결과·검증 증거 저장
Feature/doc/evidence/third-person-inspection-20260928/final-source-hashes.json	기능 기획·결과·검증 증거 저장
Feature/doc/evidence/third-person-inspection-20260928/final.log	기능 기획·결과·검증 증거 저장
Feature/doc/evidence/third-person-inspection-20260928/path-check-final.log	기능 기획·결과·검증 증거 저장
Feature/doc/evidence/third-person-inspection-20260928/path-check.log	기능 기획·결과·검증 증거 저장
Feature/doc/evidence/third-person-inspection-20260928/run.ps1	기능 기획·결과·검증 증거 저장
Feature/doc/evidence/third-person-inspection-20260928/runtime-review.md	기능 기획·결과·검증 증거 저장
Feature/doc/evidence/third-person-inspection-20260928/runtime.log	기능 기획·결과·검증 증거 저장
Feature/doc/evidence/third-person-inspection-20260928/source-review-hashes.json	기능 기획·결과·검증 증거 저장
Feature/doc/evidence/third-person-inspection-20260928/source-review.md	기능 기획·결과·검증 증거 저장
Feature/doc/evidence/third-person-inspection-20260928/v-third-person-gameplay.mp4	기능 기획·결과·검증 증거 저장
Feature/doc/evidence/third-person-inspection-20260928/verified.log	기능 기획·결과·검증 증거 저장
Feature/doc/evidence/third-person-inspection-20260928/video-metadata.json	기능 기획·결과·검증 증거 저장
Feature/doc/evidence/unused-file-cleanup-20260928/RESTORE.md	기능 기획·결과·검증 증거 저장
Feature/doc/evidence/unused-file-cleanup-20260928/apply-cleanup.ps1	기능 기획·결과·검증 증거 저장
Feature/doc/evidence/unused-file-cleanup-20260928/apply.log	기능 기획·결과·검증 증거 저장
Feature/doc/evidence/unused-file-cleanup-20260928/audit_recreatable_frames.py	기능 기획·결과·검증 증거 저장
Feature/doc/evidence/unused-file-cleanup-20260928/candidate-review.json	기능 기획·결과·검증 증거 저장
Feature/doc/evidence/unused-file-cleanup-20260928/candidates.json	기능 기획·결과·검증 증거 저장
Feature/doc/evidence/unused-file-cleanup-20260928/deleted-files.jsonl	기능 기획·결과·검증 증거 저장
Feature/doc/evidence/unused-file-cleanup-20260928/diff-warnings.log	기능 기획·결과·검증 증거 저장
Feature/doc/evidence/unused-file-cleanup-20260928/finalize.py	기능 기획·결과·검증 증거 저장
Feature/doc/evidence/unused-file-cleanup-20260928/path-check.log	기능 기획·결과·검증 증거 저장
Feature/doc/evidence/unused-file-cleanup-20260928/prepare-selection.py	기능 기획·결과·검증 증거 저장
Feature/doc/evidence/unused-file-cleanup-20260928/preview.log	기능 기획·결과·검증 증거 저장
Feature/doc/evidence/unused-file-cleanup-20260928/recreatable-frames.json	기능 기획·결과·검증 증거 저장
Feature/doc/evidence/unused-file-cleanup-20260928/reviewed_candidates.json	기능 기획·결과·검증 증거 저장
Feature/doc/evidence/unused-file-cleanup-20260928/runtime-reference-audit.md	기능 기획·결과·검증 증거 저장
Feature/doc/evidence/unused-file-cleanup-20260928/selected-cleanup.json	기능 기획·결과·검증 증거 저장
Feature/doc/evidence/unused-file-cleanup-20260928/source-review.md	기능 기획·결과·검증 증거 저장
Feature/doc/evidence/unused-file-cleanup-20260928/summary.json	기능 기획·결과·검증 증거 저장
Feature/doc/evidence/unused-file-cleanup-20260928/write-restore.py	기능 기획·결과·검증 증거 저장
Feature/doc/images/arms-only-20260912/16x9_pitch_minus70.png	기능 기획·결과·검증 증거 저장
Feature/doc/images/arms-only-20260912/16x9_pitch_minus89.png	기능 기획·결과·검증 증거 저장
Feature/doc/images/arms-only-20260912/16x9_pitch_plus70.png	기능 기획·결과·검증 증거 저장
Feature/doc/images/arms-only-20260912/16x9_pitch_zero.png	기능 기획·결과·검증 증거 저장
Feature/doc/images/arms-only-20260912/arms-only-combat.gif	기능 기획·결과·검증 증거 저장
Feature/doc/images/arms-only-20260912/charge.png	기능 기획·결과·검증 증거 저장
Feature/doc/images/arms-only-20260912/downward_charged_guard.png	기능 기획·결과·검증 증거 저장
Feature/doc/images/arms-only-20260912/downward_jump.png	기능 기획·결과·검증 증거 저장
Feature/doc/images/arms-only-20260912/downward_knuckle.png	기능 기획·결과·검증 증거 저장
Feature/doc/images/arms-only-20260912/downward_left_attack.png	기능 기획·결과·검증 증거 저장
Feature/doc/images/arms-only-20260912/downward_right_attack.png	기능 기획·결과·검증 증거 저장
Feature/doc/images/arms-only-20260912/downward_right_uppercut.png	기능 기획·결과·검증 증거 저장
Feature/doc/images/arms-only-20260912/guard.png	기능 기획·결과·검증 증거 저장
Feature/doc/images/arms-only-20260912/jump.png	기능 기획·결과·검증 증거 저장
Feature/doc/images/arms-only-20260912/left-jab.png	기능 기획·결과·검증 증거 저장
Feature/doc/images/arms-only-20260912/right-straight.png	기능 기획·결과·검증 증거 저장
Feature/doc/images/arms-only-20260912/ultrawide_pitch_minus70.png	기능 기획·결과·검증 증거 저장
Feature/doc/images/arms-only-20260912/ultrawide_pitch_minus89.png	기능 기획·결과·검증 증거 저장
Feature/doc/images/arms-only-20260912/ultrawide_pitch_plus70.png	기능 기획·결과·검증 증거 저장
Feature/doc/images/arms-only-20260912/ultrawide_pitch_zero.png	기능 기획·결과·검증 증거 저장
Feature/doc/images/arms-only-20260912/uppercut.png	기능 기획·결과·검증 증거 저장
Feature/doc/images/basic-brawler-20260910/basic-brawler.gif	기능 기획·결과·검증 증거 저장
Feature/doc/images/basic-brawler-20260910/charge.png	기능 기획·결과·검증 증거 저장
Feature/doc/images/basic-brawler-20260910/guard.png	기능 기획·결과·검증 증거 저장
Feature/doc/images/basic-brawler-20260910/jump.png	기능 기획·결과·검증 증거 저장
Feature/doc/images/basic-brawler-20260910/left-jab.png	기능 기획·결과·검증 증거 저장
Feature/doc/images/basic-brawler-20260910/right-straight.png	기능 기획·결과·검증 증거 저장
Feature/doc/images/basic-brawler-20260910/uppercut.png	기능 기획·결과·검증 증거 저장
Feature/doc/images/body-melee-20260909/body-melee.gif	기능 기획·결과·검증 증거 저장
Feature/doc/images/body-melee-20260909/frame_0012.png	기능 기획·결과·검증 증거 저장
Feature/doc/images/body-melee-20260909/frame_0028.png	기능 기획·결과·검증 증거 저장
Feature/doc/images/body-melee-20260909/frame_0032.png	기능 기획·결과·검증 증거 저장
Feature/doc/images/body-melee-20260909/frame_0036.png	기능 기획·결과·검증 증거 저장
Feature/doc/images/body-melee-20260909/frame_0119.png	기능 기획·결과·검증 증거 저장
Feature/doc/images/body-melee-20260909/guard_pitch_down.png	기능 기획·결과·검증 증거 저장
Feature/doc/images/body-melee-20260909/guard_pitch_up.png	기능 기획·결과·검증 증거 저장
Feature/doc/images/body-melee-20260909/guard_ultrawide.png	기능 기획·결과·검증 증거 저장
Feature/doc/images/boxing-combos-20260912/0012_guard.jpg	기능 기획·결과·검증 증거 저장
Feature/doc/images/boxing-combos-20260912/0027_left-jab.jpg	기능 기획·결과·검증 증거 저장
Feature/doc/images/boxing-combos-20260912/0039_right-jab.jpg	기능 기획·결과·검증 증거 저장
Feature/doc/images/boxing-combos-20260912/0088_right-straight.jpg	기능 기획·결과·검증 증거 저장
Feature/doc/images/boxing-combos-20260912/0150_hold.jpg	기능 기획·결과·검증 증거 저장
Feature/doc/images/boxing-combos-20260912/0169_right-hook.jpg	기능 기획·결과·검증 증거 저장
Feature/doc/images/boxing-combos-20260912/arms-only/16x9_pitch_minus70.jpg	기능 기획·결과·검증 증거 저장
Feature/doc/images/boxing-combos-20260912/arms-only/16x9_pitch_minus89.jpg	기능 기획·결과·검증 증거 저장
Feature/doc/images/boxing-combos-20260912/arms-only/16x9_pitch_plus70.jpg	기능 기획·결과·검증 증거 저장
Feature/doc/images/boxing-combos-20260912/arms-only/16x9_pitch_zero.jpg	기능 기획·결과·검증 증거 저장
Feature/doc/images/boxing-combos-20260912/arms-only/arms-only-sheet.jpg	기능 기획·결과·검증 증거 저장
Feature/doc/images/boxing-combos-20260912/arms-only/downward_charged_guard.jpg	기능 기획·결과·검증 증거 저장
Feature/doc/images/boxing-combos-20260912/arms-only/downward_jump.jpg	기능 기획·결과·검증 증거 저장
Feature/doc/images/boxing-combos-20260912/arms-only/downward_knuckle.jpg	기능 기획·결과·검증 증거 저장
Feature/doc/images/boxing-combos-20260912/arms-only/downward_left_jab.jpg	기능 기획·결과·검증 증거 저장
Feature/doc/images/boxing-combos-20260912/arms-only/downward_right_hook.jpg	기능 기획·결과·검증 증거 저장
Feature/doc/images/boxing-combos-20260912/arms-only/downward_right_jab.jpg	기능 기획·결과·검증 증거 저장
Feature/doc/images/boxing-combos-20260912/arms-only/ultrawide_pitch_minus70.jpg	기능 기획·결과·검증 증거 저장
Feature/doc/images/boxing-combos-20260912/arms-only/ultrawide_pitch_minus89.jpg	기능 기획·결과·검증 증거 저장
Feature/doc/images/boxing-combos-20260912/arms-only/ultrawide_pitch_plus70.jpg	기능 기획·결과·검증 증거 저장
Feature/doc/images/boxing-combos-20260912/arms-only/ultrawide_pitch_zero.jpg	기능 기획·결과·검증 증거 저장
Feature/doc/images/boxing-combos-20260912/boxing-combat.mp4	기능 기획·결과·검증 증거 저장
Feature/doc/images/boxing-combos-20260912/four-attacks-review.jpg	기능 기획·결과·검증 증거 저장
Feature/doc/images/boxing-combos-20260912/four-attacks-sheet.jpg	기능 기획·결과·검증 증거 저장
Feature/doc/images/boxing-combos-20260912/hook-review.jpg	기능 기획·결과·검증 증거 저장
Feature/doc/images/boxing-combos-20260912/hook-sheet.jpg	기능 기획·결과·검증 증거 저장
Feature/doc/images/boxing-combos-20260912/jab-transition-review.jpg	기능 기획·결과·검증 증거 저장
Feature/doc/images/boxing-combos-20260912/jab-transition-sheet.jpg	기능 기획·결과·검증 증거 저장
Feature/doc/images/boxing-combos-20260912/straight-review.jpg	기능 기획·결과·검증 증거 저장
Feature/doc/images/boxing-combos-20260912/straight-sheet.jpg	기능 기획·결과·검증 증거 저장
Feature/doc/images/boxing-direct-head-20260922/boxing-direct-comparison.mp4	기능 기획·결과·검증 증거 저장
Feature/doc/images/boxing-direct-head-20260922/boxing-direct-head.mp4	기능 기획·결과·검증 증거 저장
Feature/doc/images/boxing-direct-head-20260922/boxing-direct-lookdown.mp4	기능 기획·결과·검증 증거 저장
Feature/doc/images/boxing-direct-head-20260922/capture.json	기능 기획·결과·검증 증거 저장
Feature/doc/images/boxing-direct-head-20260922/frame_0015.jpg	기능 기획·결과·검증 증거 저장
Feature/doc/images/boxing-direct-head-20260922/frame_0038.jpg	기능 기획·결과·검증 증거 저장
Feature/doc/images/boxing-direct-head-20260922/frame_0043.jpg	기능 기획·결과·검증 증거 저장
Feature/doc/images/boxing-direct-head-20260922/frame_0048.jpg	기능 기획·결과·검증 증거 저장
Feature/doc/images/boxing-direct-head-20260922/frame_0058.jpg	기능 기획·결과·검증 증거 저장
Feature/doc/images/boxing-direct-head-20260922/frame_0082.jpg	기능 기획·결과·검증 증거 저장
Feature/doc/images/boxing-direct-head-20260922/frame_0139.jpg	기능 기획·결과·검증 증거 저장
Feature/doc/images/boxing-direct-head-20260922/frame_0268.jpg	기능 기획·결과·검증 증거 저장
Feature/doc/images/boxing-direct-head-20260922/gameplay-sheet.jpg	기능 기획·결과·검증 증거 저장
Feature/doc/images/boxing-direct-head-20260922/lookdown/capture.json	기능 기획·결과·검증 증거 저장
Feature/doc/images/boxing-direct-head-20260922/lookdown/frame_0015.jpg	기능 기획·결과·검증 증거 저장
Feature/doc/images/boxing-direct-head-20260922/lookdown/frame_0038.jpg	기능 기획·결과·검증 증거 저장
Feature/doc/images/boxing-direct-head-20260922/lookdown/frame_0043.jpg	기능 기획·결과·검증 증거 저장
Feature/doc/images/boxing-direct-head-20260922/lookdown/frame_0048.jpg	기능 기획·결과·검증 증거 저장
Feature/doc/images/boxing-direct-head-20260922/lookdown/frame_0058.jpg	기능 기획·결과·검증 증거 저장
Feature/doc/images/boxing-direct-head-20260922/lookdown/frame_0082.jpg	기능 기획·결과·검증 증거 저장
Feature/doc/images/boxing-direct-head-20260922/lookdown/frame_0139.jpg	기능 기획·결과·검증 증거 저장
Feature/doc/images/boxing-direct-head-20260922/lookdown/frame_0268.jpg	기능 기획·결과·검증 증거 저장
Feature/doc/images/boxing-direct-head-20260922/lookdown/gameplay-sheet.jpg	기능 기획·결과·검증 증거 저장
Feature/doc/images/boxing-direct-head-20260922/lookdown/review-sheet.jpg	기능 기획·결과·검증 증거 저장
Feature/doc/images/boxing-direct-head-20260922/lookdown40/capture.json	기능 기획·결과·검증 증거 저장
Feature/doc/images/boxing-direct-head-20260922/lookdown40/frame_0015.jpg	기능 기획·결과·검증 증거 저장
Feature/doc/images/boxing-direct-head-20260922/lookdown40/frame_0038.jpg	기능 기획·결과·검증 증거 저장
Feature/doc/images/boxing-direct-head-20260922/lookdown40/frame_0043.jpg	기능 기획·결과·검증 증거 저장
Feature/doc/images/boxing-direct-head-20260922/lookdown40/frame_0048.jpg	기능 기획·결과·검증 증거 저장
Feature/doc/images/boxing-direct-head-20260922/lookdown40/frame_0058.jpg	기능 기획·결과·검증 증거 저장
Feature/doc/images/boxing-direct-head-20260922/lookdown40/frame_0082.jpg	기능 기획·결과·검증 증거 저장
Feature/doc/images/boxing-direct-head-20260922/lookdown40/frame_0139.jpg	기능 기획·결과·검증 증거 저장
Feature/doc/images/boxing-direct-head-20260922/lookdown40/frame_0268.jpg	기능 기획·결과·검증 증거 저장
Feature/doc/images/boxing-direct-head-20260922/lookdown40/gameplay-sheet.jpg	기능 기획·결과·검증 증거 저장
Feature/doc/images/boxing-direct-head-20260922/lookdown40/review-sheet.jpg	기능 기획·결과·검증 증거 저장
Feature/doc/images/boxing-direct-head-20260922/review-sheet.jpg	기능 기획·결과·검증 증거 저장
Feature/doc/images/boxing-reference-20260922/boxing-gameplay-review.jpg	기능 기획·결과·검증 증거 저장
Feature/doc/images/boxing-reference-20260922/boxing-gameplay-sheet.jpg	기능 기획·결과·검증 증거 저장
Feature/doc/images/boxing-reference-20260922/boxing-gameplay.mp4	기능 기획·결과·검증 증거 저장
Feature/doc/images/boxing-reference-20260922/boxing-motion-review.jpg	기능 기획·결과·검증 증거 저장
Feature/doc/images/boxing-reference-20260922/boxing-motion-sheet.jpg	기능 기획·결과·검증 증거 저장
Feature/doc/images/boxing-reference-20260922/boxing-original-motion.mp4	기능 기획·결과·검증 증거 저장
Feature/doc/images/boxing-reference-20260922/longguard-gameplay-review.jpg	기능 기획·결과·검증 증거 저장
Feature/doc/images/boxing-reference-20260922/longguard-gameplay-sheet.jpg	기능 기획·결과·검증 증거 저장
Feature/doc/images/boxing-reference-20260922/longguard-gameplay.mp4	기능 기획·결과·검증 증거 저장
Feature/doc/images/boxing-reference-20260922/rooted-gameplay-review.jpg	기능 기획·결과·검증 증거 저장
Feature/doc/images/boxing-reference-20260922/rooted-gameplay-sheet.jpg	기능 기획·결과·검증 증거 저장
Feature/doc/images/boxing-reference-20260922/rooted-gameplay.mp4	기능 기획·결과·검증 증거 저장
Feature/doc/images/boxing-reference-20260922/three-stances.jpg	기능 기획·결과·검증 증거 저장
Feature/doc/images/first-person-fist-20260909/fist-gameplay.gif	기능 기획·결과·검증 증거 저장
Feature/doc/images/first-person-fist-20260909/guard.png	기능 기획·결과·검증 증거 저장
Feature/doc/images/first-person-fist-20260909/hud-4x3.png	기능 기획·결과·검증 증거 저장
Feature/doc/images/first-person-fist-20260909/hud-narrow-125.png	기능 기획·결과·검증 증거 저장
Feature/doc/images/first-person-fist-20260909/punch.png	기능 기획·결과·검증 증거 저장
Feature/doc/images/first-person-fist-20260909/recovery.png	기능 기획·결과·검증 증거 저장
Feature/doc/images/full-body-first-person-20260922/capture.json	기능 기획·결과·검증 증거 저장
Feature/doc/images/full-body-first-person-20260922/frame_0012.jpg	기능 기획·결과·검증 증거 저장
Feature/doc/images/full-body-first-person-20260922/frame_0055.jpg	기능 기획·결과·검증 증거 저장
Feature/doc/images/full-body-first-person-20260922/frame_0098.jpg	기능 기획·결과·검증 증거 저장
Feature/doc/images/full-body-first-person-20260922/frame_0105.jpg	기능 기획·결과·검증 증거 저장
Feature/doc/images/full-body-first-person-20260922/frame_0112.jpg	기능 기획·결과·검증 증거 저장
Feature/doc/images/full-body-first-person-20260922/frame_0120.jpg	기능 기획·결과·검증 증거 저장
Feature/doc/images/full-body-first-person-20260922/frame_0219.jpg	기능 기획·결과·검증 증거 저장
Feature/doc/images/full-body-first-person-20260922/frame_0259.jpg	기능 기획·결과·검증 증거 저장
Feature/doc/images/full-body-first-person-20260922/full-body-first-person.mp4	기능 기획·결과·검증 증거 저장
Feature/doc/images/full-body-first-person-20260922/gameplay-sheet.jpg	기능 기획·결과·검증 증거 저장
Feature/doc/images/full-body-first-person-20260922/review-sheet.jpg	기능 기획·결과·검증 증거 저장
Feature/doc/images/head-attached-camera-20260922/capture.json	기능 기획·결과·검증 증거 저장
Feature/doc/images/head-attached-camera-20260922/frame_0012.jpg	기능 기획·결과·검증 증거 저장
Feature/doc/images/head-attached-camera-20260922/frame_0055.jpg	기능 기획·결과·검증 증거 저장
Feature/doc/images/head-attached-camera-20260922/frame_0098.jpg	기능 기획·결과·검증 증거 저장
Feature/doc/images/head-attached-camera-20260922/frame_0105.jpg	기능 기획·결과·검증 증거 저장
Feature/doc/images/head-attached-camera-20260922/frame_0112.jpg	기능 기획·결과·검증 증거 저장
Feature/doc/images/head-attached-camera-20260922/frame_0120.jpg	기능 기획·결과·검증 증거 저장
Feature/doc/images/head-attached-camera-20260922/frame_0304.jpg	기능 기획·결과·검증 증거 저장
Feature/doc/images/head-attached-camera-20260922/frame_0409.jpg	기능 기획·결과·검증 증거 저장
Feature/doc/images/head-attached-camera-20260922/gameplay-sheet.jpg	기능 기획·결과·검증 증거 저장
Feature/doc/images/head-attached-camera-20260922/head-attached-camera.mp4	기능 기획·결과·검증 증거 저장
Feature/doc/images/head-attached-camera-20260922/review-sheet.jpg	기능 기획·결과·검증 증거 저장
Feature/doc/images/head-framing-20260922/capture.json	기능 기획·결과·검증 증거 저장
Feature/doc/images/head-framing-20260922/default-game-30.jpg	기능 기획·결과·검증 증거 저장
Feature/doc/images/head-framing-20260922/frame_0015.jpg	기능 기획·결과·검증 증거 저장
Feature/doc/images/head-framing-20260922/frame_0038.jpg	기능 기획·결과·검증 증거 저장
Feature/doc/images/head-framing-20260922/frame_0043.jpg	기능 기획·결과·검증 증거 저장
Feature/doc/images/head-framing-20260922/frame_0048.jpg	기능 기획·결과·검증 증거 저장
Feature/doc/images/head-framing-20260922/frame_0058.jpg	기능 기획·결과·검증 증거 저장
Feature/doc/images/head-framing-20260922/frame_0082.jpg	기능 기획·결과·검증 증거 저장
Feature/doc/images/head-framing-20260922/frame_0139.jpg	기능 기획·결과·검증 증거 저장
Feature/doc/images/head-framing-20260922/frame_0268.jpg	기능 기획·결과·검증 증거 저장
Feature/doc/images/head-framing-20260922/gameplay-sheet.jpg	기능 기획·결과·검증 증거 저장
Feature/doc/images/head-framing-20260922/head-view-30.mp4	기능 기획·결과·검증 증거 저장
Feature/doc/images/head-framing-20260922/head-view-40-vs-30.mp4	기능 기획·결과·검증 증거 저장
Feature/doc/images/head-framing-20260922/review-sheet.jpg	기능 기획·결과·검증 증거 저장
Feature/doc/images/martelo-first-person-20260922/capture.json	기능 기획·결과·검증 증거 저장
Feature/doc/images/martelo-first-person-20260922/frame_0012.jpg	기능 기획·결과·검증 증거 저장
Feature/doc/images/martelo-first-person-20260922/frame_0030.jpg	기능 기획·결과·검증 증거 저장
Feature/doc/images/martelo-first-person-20260922/frame_0038.jpg	기능 기획·결과·검증 증거 저장
Feature/doc/images/martelo-first-person-20260922/frame_0045.jpg	기능 기획·결과·검증 증거 저장
Feature/doc/images/martelo-first-person-20260922/frame_0052.jpg	기능 기획·결과·검증 증거 저장
Feature/doc/images/martelo-first-person-20260922/frame_0060.jpg	기능 기획·결과·검증 증거 저장
Feature/doc/images/martelo-first-person-20260922/frame_0069.jpg	기능 기획·결과·검증 증거 저장
Feature/doc/images/martelo-first-person-20260922/frame_0108.jpg	기능 기획·결과·검증 증거 저장
Feature/doc/images/martelo-first-person-20260922/frame_0116.jpg	기능 기획·결과·검증 증거 저장
Feature/doc/images/martelo-first-person-20260922/frame_0124.jpg	기능 기획·결과·검증 증거 저장
Feature/doc/images/martelo-first-person-20260922/frame_0130.jpg	기능 기획·결과·검증 증거 저장
Feature/doc/images/martelo-first-person-20260922/frame_0138.jpg	기능 기획·결과·검증 증거 저장
Feature/doc/images/martelo-first-person-20260922/frame_0146.jpg	기능 기획·결과·검증 증거 저장
Feature/doc/images/martelo-first-person-20260922/frame_0154.jpg	기능 기획·결과·검증 증거 저장
Feature/doc/images/martelo-first-person-20260922/frame_0170.jpg	기능 기획·결과·검증 증거 저장
Feature/doc/images/martelo-first-person-20260922/frame_0199.jpg	기능 기획·결과·검증 증거 저장
Feature/doc/images/martelo-first-person-20260922/gameplay-sheet.jpg	기능 기획·결과·검증 증거 저장
Feature/doc/images/martelo-first-person-20260922/martelo-first-person.mp4	기능 기획·결과·검증 증거 저장
Feature/doc/images/martelo-first-person-20260922/review-sheet.jpg	기능 기획·결과·검증 증거 저장
Feature/doc/images/martelo-first-person-20260922/slow-review.jpg	기능 기획·결과·검증 증거 저장
Feature/doc/images/martelo-first-person-20260922/slow-sheet.jpg	기능 기획·결과·검증 증거 저장
Feature/doc/images/martelo-preview-20260922/martelo-original.gif	기능 기획·결과·검증 증거 저장
Feature/doc/images/martelo-preview-20260922/martelo-original.mp4	기능 기획·결과·검증 증거 저장
Feature/doc/images/martelo-preview-20260922/motion-review.jpg	기능 기획·결과·검증 증거 저장
Feature/doc/images/martelo-preview-20260922/motion-sheet.jpg	기능 기획·결과·검증 증거 저장
Feature/doc/images/natural-brawler-20260910/charge.png	기능 기획·결과·검증 증거 저장
Feature/doc/images/natural-brawler-20260910/guard.png	기능 기획·결과·검증 증거 저장
Feature/doc/images/natural-brawler-20260910/jump.png	기능 기획·결과·검증 증거 저장
Feature/doc/images/natural-brawler-20260910/left-jab.png	기능 기획·결과·검증 증거 저장
Feature/doc/images/natural-brawler-20260910/natural-brawler.gif	기능 기획·결과·검증 증거 저장
Feature/doc/images/natural-brawler-20260910/right-straight.png	기능 기획·결과·검증 증거 저장
Feature/doc/images/natural-brawler-20260910/uppercut.png	기능 기획·결과·검증 증거 저장
Feature/doc/images/quick-melee-20260909/frame_0012.png	기능 기획·결과·검증 증거 저장
Feature/doc/images/quick-melee-20260909/frame_0032.png	기능 기획·결과·검증 증거 저장
Feature/doc/images/quick-melee-20260909/frame_0119.png	기능 기획·결과·검증 증거 저장
Feature/doc/images/quick-melee-20260909/guard_pitch_down.png	기능 기획·결과·검증 증거 저장
Feature/doc/images/quick-melee-20260909/guard_pitch_up.png	기능 기획·결과·검증 증거 저장
Feature/doc/images/quick-melee-20260909/guard_ultrawide.png	기능 기획·결과·검증 증거 저장
Feature/doc/images/quick-melee-20260909/quick-melee.gif	기능 기획·결과·검증 증거 저장
Feature/doc/images/reference-metal-hud-20260909/ReferenceMetalHUD_00_1280x720.png	기능 기획·결과·검증 증거 저장
Feature/doc/images/reference-metal-hud-20260909/ReferenceMetalHUD_01_1920x1080.png	기능 기획·결과·검증 증거 저장
Feature/doc/images/reference-metal-hud-20260909/ReferenceMetalHUD_02_2560x1440.png	기능 기획·결과·검증 증거 저장
Feature/doc/images/reference-metal-hud-20260909/ReferenceMetalHUD_03_3440x1440.png	기능 기획·결과·검증 증거 저장
Feature/doc/images/reference-metal-hud-20260909/ReferenceMetalHUD_04_800x900.png	기능 기획·결과·검증 증거 저장
Feature/doc/images/reference-metal-hud-20260909/ReferenceMetalHUD_05_1920x1080.png	기능 기획·결과·검증 증거 저장
Feature/doc/images/relaxed-idle-20260922/capture.json	기능 기획·결과·검증 증거 저장
Feature/doc/images/relaxed-idle-20260922/frame_0025.jpg	기능 기획·결과·검증 증거 저장
Feature/doc/images/relaxed-idle-20260922/frame_0040.jpg	기능 기획·결과·검증 증거 저장
Feature/doc/images/relaxed-idle-20260922/frame_0049.jpg	기능 기획·결과·검증 증거 저장
Feature/doc/images/relaxed-idle-20260922/frame_0053.jpg	기능 기획·결과·검증 증거 저장
Feature/doc/images/relaxed-idle-20260922/frame_0065.jpg	기능 기획·결과·검증 증거 저장
Feature/doc/images/relaxed-idle-20260922/frame_0105.jpg	기능 기획·결과·검증 증거 저장
Feature/doc/images/relaxed-idle-20260922/frame_0140.jpg	기능 기획·결과·검증 증거 저장
Feature/doc/images/relaxed-idle-20260922/frame_0165.jpg	기능 기획·결과·검증 증거 저장
Feature/doc/images/relaxed-idle-20260922/frame_0193.jpg	기능 기획·결과·검증 증거 저장
Feature/doc/images/relaxed-idle-20260922/frame_0215.jpg	기능 기획·결과·검증 증거 저장
Feature/doc/images/relaxed-idle-20260922/frame_0332.jpg	기능 기획·결과·검증 증거 저장
Feature/doc/images/relaxed-idle-20260922/frame_0355.jpg	기능 기획·결과·검증 증거 저장
Feature/doc/images/relaxed-idle-20260922/frame_0390.jpg	기능 기획·결과·검증 증거 저장
Feature/doc/images/relaxed-idle-20260922/frame_0415.jpg	기능 기획·결과·검증 증거 저장
Feature/doc/images/relaxed-idle-20260922/frame_0440.jpg	기능 기획·결과·검증 증거 저장
Feature/doc/images/relaxed-idle-20260922/frame_0445.jpg	기능 기획·결과·검증 증거 저장
Feature/doc/images/relaxed-idle-20260922/gameplay-sheet.jpg	기능 기획·결과·검증 증거 저장
Feature/doc/images/relaxed-idle-20260922/relaxed-idle-combat.mp4	기능 기획·결과·검증 증거 저장
Feature/doc/images/relaxed-idle-20260922/review-sheet-0.jpg	기능 기획·결과·검증 증거 저장
Feature/doc/images/relaxed-idle-20260922/review-sheet-1.jpg	기능 기획·결과·검증 증거 저장
Feature/doc/images/responsive-hud-20260908/ResponsiveHUD_00_1280x720.png	기능 기획·결과·검증 증거 저장
Feature/doc/images/responsive-hud-20260908/ResponsiveHUD_01_1920x1080.png	기능 기획·결과·검증 증거 저장
Feature/doc/images/responsive-hud-20260908/ResponsiveHUD_02_2560x1440.png	기능 기획·결과·검증 증거 저장
Feature/doc/images/responsive-hud-20260908/ResponsiveHUD_03_3440x1440.png	기능 기획·결과·검증 증거 저장
Feature/doc/images/responsive-hud-20260908/ResponsiveHUD_04_800x900.png	기능 기획·결과·검증 증거 저장
Feature/doc/images/responsive-hud-20260908/ResponsiveHUD_05_1920x1080.png	기능 기획·결과·검증 증거 저장
OpenObsidianArchitecture.bat	프로젝트 설정·실행기·문서 저장 정책
OpenPersonalStudio.bat	프로젝트 설정·실행기·문서 저장 정책
Rogue10m.uproject	프로젝트 설정·실행기·문서 저장 정책
Scripts/AnalyzeAnimationStability.py	제작·검증·문서 자동화 도구 저장
Scripts/AnalyzeBoxingReference.py	제작·검증·문서 자동화 도구 저장
Scripts/AuditUnusedWorkFiles.py	제작·검증·문서 자동화 도구 저장
Scripts/BuildObsidianArchitectureMetrics.ps1	제작·검증·문서 자동화 도구 저장
Scripts/BuildObsidianFunctionGraph.ps1	제작·검증·문서 자동화 도구 저장
Scripts/Editor/ApplyAppearanceIKExperiment.py	제작·검증·문서 자동화 도구 저장
Scripts/Editor/ApplyAppearanceRetargetPolicy.py	제작·검증·문서 자동화 도구 저장
Scripts/Editor/ApplyAppearanceRootOnlyFix.py	제작·검증·문서 자동화 도구 저장
Scripts/Editor/ApplyClassThemedBottomHUD.py	제작·검증·문서 자동화 도구 저장
Scripts/Editor/ApplyFirstPersonHUDFraming.py	제작·검증·문서 자동화 도구 저장
Scripts/Editor/ApplyGothicIntegratedUI.py	제작·검증·문서 자동화 도구 저장
Scripts/Editor/ApplyMartialArtsReadableVFX.py	제작·검증·문서 자동화 도구 저장
Scripts/Editor/ApplyReadableClassCombatVFX.py	제작·검증·문서 자동화 도구 저장
Scripts/Editor/ApplyReferenceMetalHUD.py	제작·검증·문서 자동화 도구 저장
Scripts/Editor/ApplyResponsiveCombatHUD.py	제작·검증·문서 자동화 도구 저장
Scripts/Editor/AuditAppearanceIKGoals.py	제작·검증·문서 자동화 도구 저장
Scripts/Editor/AuditAppearanceRetarget.py	제작·검증·문서 자동화 도구 저장
Scripts/Editor/AuditBoxingStability.py	제작·검증·문서 자동화 도구 저장
Scripts/Editor/AuditBrawlerSecondaryStability.py	제작·검증·문서 자동화 도구 저장
Scripts/Editor/BuildDungeonRewardChestActor.py	제작·검증·문서 자동화 도구 저장
Scripts/Editor/BuildGothicCombatHUD.py	제작·검증·문서 자동화 도구 저장
Scripts/Editor/BuildHeavyLootBagActor.py	제작·검증·문서 자동화 도구 저장
Scripts/Editor/BuildMartialArtistSkillTreeWidgets.py	제작·검증·문서 자동화 도구 저장
Scripts/Editor/ClassCombatVFXReadabilityProfile.py	제작·검증·문서 자동화 도구 저장
Scripts/Editor/CompareAppearanceRetargetVariants.py	제작·검증·문서 자동화 도구 저장
Scripts/Editor/ConfigureBasicBrawler.py	제작·검증·문서 자동화 도구 저장
Scripts/Editor/ConfigureBrawlerHitFeedback.py	제작·검증·문서 자동화 도구 저장
Scripts/Editor/ConfigureBrawlerHookBlend.py	제작·검증·문서 자동화 도구 저장
Scripts/Editor/ConfigureBrawlerSourceFootIKOrder.py	제작·검증·문서 자동화 도구 저장
Scripts/Editor/ConfigureClassCombatAnimationVFX.py	제작·검증·문서 자동화 도구 저장
Scripts/Editor/ConfigureCommonCharacterAnimation.py	제작·검증·문서 자동화 도구 저장
Scripts/Editor/CreateFirstPersonArms.py	제작·검증·문서 자동화 도구 저장
Scripts/Editor/CreateInheritedCharacterAssets.py	제작·검증·문서 자동화 도구 저장
Scripts/Editor/CreateMartialArtistSkillTreeAssets.py	제작·검증·문서 자동화 도구 저장
Scripts/Editor/ImportGothicMonsterInfoFrame.py	제작·검증·문서 자동화 도구 저장
Scripts/Editor/ImportGothicXPLevelBar.py	제작·검증·문서 자동화 도구 저장
Scripts/Editor/ImportReferenceMetalHUD.py	제작·검증·문서 자동화 도구 저장
Scripts/Editor/InspectCombatHUDLayout.py	제작·검증·문서 자동화 도구 저장
Scripts/Editor/OpenGothicUIShowcase.py	제작·검증·문서 자동화 도구 저장
Scripts/Editor/PrepareAppearanceBoxing.py	제작·검증·문서 자동화 도구 저장
Scripts/Editor/PrepareBoxingBasicAttack.py	제작·검증·문서 자동화 도구 저장
Scripts/Editor/PreviewBoxingRetarget.py	제작·검증·문서 자동화 도구 저장
Scripts/Editor/PreviewMarteloRetarget.py	제작·검증·문서 자동화 도구 저장
Scripts/Editor/TuneFirstPersonClassCombatVFX.py	제작·검증·문서 자동화 도구 저장
Scripts/Editor/ValidateClassCombatAnimationVFX.py	제작·검증·문서 자동화 도구 저장
Scripts/Editor/ValidateClassThemedBottomHUD.py	제작·검증·문서 자동화 도구 저장
Scripts/Editor/ValidateCommonCharacterAnimation.py	제작·검증·문서 자동화 도구 저장
Scripts/Editor/ValidateDungeonRewardChestActor.py	제작·검증·문서 자동화 도구 저장
Scripts/Editor/ValidateGothicCombatHUD.py	제작·검증·문서 자동화 도구 저장
Scripts/Editor/ValidateGothicIntegratedUI.py	제작·검증·문서 자동화 도구 저장
Scripts/Editor/ValidateHeavyLootBagActor.py	제작·검증·문서 자동화 도구 저장
Scripts/Editor/ValidateInheritedCharacterAssets.py	제작·검증·문서 자동화 도구 저장
Scripts/Editor/ValidateMarteloPreview.py	제작·검증·문서 자동화 도구 저장
Scripts/Editor/ValidateMartialArtistSkillTree.py	제작·검증·문서 자동화 도구 저장
Scripts/Editor/ValidateMartialArtsReadableVFX.py	제작·검증·문서 자동화 도구 저장
Scripts/Editor/ValidateReferenceMetalHUD.py	제작·검증·문서 자동화 도구 저장
Scripts/Editor/ValidateResponsiveCombatHUD.py	제작·검증·문서 자동화 도구 저장
Scripts/GetObsidianFeatureEvidence.ps1	제작·검증·문서 자동화 도구 저장
Scripts/ObsidianFunctionGroups.json	제작·검증·문서 자동화 도구 저장
Scripts/OpenObsidianArchitecture.ps1	제작·검증·문서 자동화 도구 저장
Scripts/OpenPersonalStudio.ps1	제작·검증·문서 자동화 도구 저장
Scripts/PrepareClassThemedBottomHUDAssets.py	제작·검증·문서 자동화 도구 저장
Scripts/PrepareGothicHUDLayoutRefinement.py	제작·검증·문서 자동화 도구 저장
Scripts/PrepareGothicHUDTextures.py	제작·검증·문서 자동화 도구 저장
Scripts/PrepareGothicIntegratedUIAssets.py	제작·검증·문서 자동화 도구 저장
Scripts/PrepareGothicMonsterInfoFrame.py	제작·검증·문서 자동화 도구 저장
Scripts/PrepareGothicXPLevelBar.py	제작·검증·문서 자동화 도구 저장
Scripts/RenderClassThemedBottomHUDPreview.py	제작·검증·문서 자동화 도구 저장
Scripts/RenderGothicHUDLayoutRefinementPreview.py	제작·검증·문서 자동화 도구 저장
Scripts/RenderGothicIntegratedUIPreview.py	제작·검증·문서 자동화 도구 저장
Scripts/SetObsidianSourceGraph.ps1	제작·검증·문서 자동화 도구 저장
Scripts/TestObsidianArchitectureMetrics.ps1	제작·검증·문서 자동화 도구 저장
Scripts/TestObsidianFeatureEvidence.ps1	제작·검증·문서 자동화 도구 저장
Scripts/ValidateBoxingRetarget.py	제작·검증·문서 자동화 도구 저장
Source/Rogue10m/Character/Rogue10mCharacter.cpp	게임 로직·카메라·UI·검증 코드 저장
Source/Rogue10m/Character/Rogue10mCharacter.h	게임 로직·카메라·UI·검증 코드 저장
Source/Rogue10m/Character/Rogue10mFistAnimInstance.cpp	게임 로직·카메라·UI·검증 코드 저장
Source/Rogue10m/Character/Rogue10mFistAnimInstance.h	게임 로직·카메라·UI·검증 코드 저장
Source/Rogue10m/Character/Rogue10mStylizedCharacter.cpp	게임 로직·카메라·UI·검증 코드 저장
Source/Rogue10m/Character/Rogue10mStylizedCharacter.h	게임 로직·카메라·UI·검증 코드 저장
Source/Rogue10m/Character/Rogue10mWeaponTypes.h	게임 로직·카메라·UI·검증 코드 저장
Source/Rogue10m/Components/Rogue10mAppearanceCameraComponent.cpp	게임 로직·카메라·UI·검증 코드 저장
Source/Rogue10m/Components/Rogue10mAppearanceCameraComponent.h	게임 로직·카메라·UI·검증 코드 저장
Source/Rogue10m/Components/Rogue10mAppearanceShadowComponent.cpp	게임 로직·카메라·UI·검증 코드 저장
Source/Rogue10m/Components/Rogue10mAppearanceShadowComponent.h	게임 로직·카메라·UI·검증 코드 저장
Source/Rogue10m/Components/Rogue10mBasicBrawlerComponent.cpp	게임 로직·카메라·UI·검증 코드 저장
Source/Rogue10m/Components/Rogue10mBasicBrawlerComponent.h	게임 로직·카메라·UI·검증 코드 저장
Source/Rogue10m/Components/Rogue10mCharacterAnimationComponent.cpp	게임 로직·카메라·UI·검증 코드 저장
Source/Rogue10m/Components/Rogue10mCharacterAnimationComponent.h	게임 로직·카메라·UI·검증 코드 저장
Source/Rogue10m/Components/Rogue10mCombatComponent.cpp	게임 로직·카메라·UI·검증 코드 저장
Source/Rogue10m/Components/Rogue10mCombatComponent.h	게임 로직·카메라·UI·검증 코드 저장
Source/Rogue10m/Components/Rogue10mFirstPersonPresentationComponent.cpp	게임 로직·카메라·UI·검증 코드 저장
Source/Rogue10m/Components/Rogue10mFirstPersonPresentationComponent.h	게임 로직·카메라·UI·검증 코드 저장
Source/Rogue10m/Components/Rogue10mHitFeedbackComponent.cpp	게임 로직·카메라·UI·검증 코드 저장
Source/Rogue10m/Components/Rogue10mHitFeedbackComponent.h	게임 로직·카메라·UI·검증 코드 저장
Source/Rogue10m/Core/Rogue10mCameraManager.cpp	게임 로직·카메라·UI·검증 코드 저장
Source/Rogue10m/Core/Rogue10mCameraManager.h	게임 로직·카메라·UI·검증 코드 저장
Source/Rogue10m/Core/Rogue10mPlayerController.cpp	게임 로직·카메라·UI·검증 코드 저장
Source/Rogue10m/Core/Rogue10mPlayerController.h	게임 로직·카메라·UI·검증 코드 저장
Source/Rogue10m/Core/Rogue10mPlayerState.cpp	게임 로직·카메라·UI·검증 코드 저장
Source/Rogue10m/Core/Rogue10mPlayerState.h	게임 로직·카메라·UI·검증 코드 저장
Source/Rogue10m/Data/Rogue10mAttackSkillData.h	게임 로직·카메라·UI·검증 코드 저장
Source/Rogue10m/Data/Rogue10mCharacterMotionDataAsset.cpp	게임 로직·카메라·UI·검증 코드 저장
Source/Rogue10m/Data/Rogue10mCharacterMotionDataAsset.h	게임 로직·카메라·UI·검증 코드 저장
Source/Rogue10m/Editor/Rogue10mAppearanceBoxingAuthoring.cpp	게임 로직·카메라·UI·검증 코드 저장
Source/Rogue10m/Editor/Rogue10mFirstPersonArmsAuthoring.cpp	게임 로직·카메라·UI·검증 코드 저장
Source/Rogue10m/Enemy/Rogue10mBasicMonster.cpp	게임 로직·카메라·UI·검증 코드 저장
Source/Rogue10m/Rogue10m.Build.cs	게임 로직·카메라·UI·검증 코드 저장
Source/Rogue10m/Tests/Rogue10mAnimationStabilityRuntimeTest.cpp	게임 로직·카메라·UI·검증 코드 저장
Source/Rogue10m/Tests/Rogue10mAppearanceCameraRuntimeTest.cpp	게임 로직·카메라·UI·검증 코드 저장
Source/Rogue10m/Tests/Rogue10mAppearanceShadowRuntimeTest.cpp	게임 로직·카메라·UI·검증 코드 저장
Source/Rogue10m/Tests/Rogue10mArmsOnlyRuntimeTest.cpp	게임 로직·카메라·UI·검증 코드 저장
Source/Rogue10m/Tests/Rogue10mBasicBrawlerRuntimeTest.cpp	게임 로직·카메라·UI·검증 코드 저장
Source/Rogue10m/Tests/Rogue10mBoxingBasicAttackRuntimeTest.cpp	게임 로직·카메라·UI·검증 코드 저장
Source/Rogue10m/Tests/Rogue10mBoxingDirectPreviewRuntimeTest.cpp	게임 로직·카메라·UI·검증 코드 저장
Source/Rogue10m/Tests/Rogue10mBoxingFeedbackRuntimeTest.cpp	게임 로직·카메라·UI·검증 코드 저장
Source/Rogue10m/Tests/Rogue10mBrawlerIdleTransitionRuntimeTest.cpp	게임 로직·카메라·UI·검증 코드 저장
Source/Rogue10m/Tests/Rogue10mClassCombatPresentationRuntimeTest.cpp	게임 로직·카메라·UI·검증 코드 저장
Source/Rogue10m/Tests/Rogue10mFirstPersonFistRuntimeTest.cpp	게임 로직·카메라·UI·검증 코드 저장
Source/Rogue10m/Tests/Rogue10mHeadCameraRuntimeTest.cpp	게임 로직·카메라·UI·검증 코드 저장
Source/Rogue10m/Tests/Rogue10mInitialHeadFramingRuntimeTest.cpp	게임 로직·카메라·UI·검증 코드 저장
Source/Rogue10m/Tests/Rogue10mMarteloPreviewRuntimeTest.cpp	게임 로직·카메라·UI·검증 코드 저장
Source/Rogue10m/Tests/Rogue10mResponsiveHUDRuntimeTest.cpp	게임 로직·카메라·UI·검증 코드 저장
Source/Rogue10m/Tests/Rogue10mThirdPersonInspectionRuntimeTest.cpp	게임 로직·카메라·UI·검증 코드 저장
Source/Rogue10m/Tests/Rogue10mWeaponSkillTreeRuntimeTest.cpp	게임 로직·카메라·UI·검증 코드 저장
Source/Rogue10m/UI/Rogue10mRunHUD.cpp	게임 로직·카메라·UI·검증 코드 저장
Source/Rogue10m/UI/Widgets/Rogue10mAtlasImage.cpp	게임 로직·카메라·UI·검증 코드 저장
Source/Rogue10m/UI/Widgets/Rogue10mAtlasImage.h	게임 로직·카메라·UI·검증 코드 저장
Source/Rogue10m/UI/Widgets/Rogue10mBottomHUDWidget.cpp	게임 로직·카메라·UI·검증 코드 저장
Source/Rogue10m/UI/Widgets/Rogue10mBottomHUDWidget.h	게임 로직·카메라·UI·검증 코드 저장
Source/Rogue10m/UI/Widgets/Rogue10mHudWidgetParts.cpp	게임 로직·카메라·UI·검증 코드 저장
Source/Rogue10m/UI/Widgets/Rogue10mHudWidgetParts.h	게임 로직·카메라·UI·검증 코드 저장
Source/Rogue10m/UI/Widgets/Rogue10mMainHUDWidget.cpp	게임 로직·카메라·UI·검증 코드 저장
Source/Rogue10m/UI/Widgets/Rogue10mMainHUDWidget.h	게임 로직·카메라·UI·검증 코드 저장
Source/Rogue10m/UI/Widgets/Rogue10mMenuWindowWidgets.cpp	게임 로직·카메라·UI·검증 코드 저장
Source/Rogue10m/UI/Widgets/Rogue10mMenuWindowWidgets.h	게임 로직·카메라·UI·검증 코드 저장
Studio/.gitignore	개인 스튜디오 소스·테스트·설명 저장
Studio/EXECUTION.md	개인 스튜디오 소스·테스트·설명 저장
Studio/README.md	개인 스튜디오 소스·테스트·설명 저장
Studio/agent-client.mjs	개인 스튜디오 소스·테스트·설명 저장
Studio/dispatcher.mjs	개인 스튜디오 소스·테스트·설명 저장
Studio/lib.mjs	개인 스튜디오 소스·테스트·설명 저장
Studio/package.json	개인 스튜디오 소스·테스트·설명 저장
Studio/public/app.js	개인 스튜디오 소스·테스트·설명 저장
Studio/public/favicon.svg	개인 스튜디오 소스·테스트·설명 저장
Studio/public/index.html	개인 스튜디오 소스·테스트·설명 저장
Studio/public/style.css	개인 스튜디오 소스·테스트·설명 저장
Studio/queue.mjs	개인 스튜디오 소스·테스트·설명 저장
Studio/server.mjs	개인 스튜디오 소스·테스트·설명 저장
Studio/tests/agent-smoke.mjs	개인 스튜디오 소스·테스트·설명 저장
Studio/tests/browser-check.mjs	개인 스튜디오 소스·테스트·설명 저장
Studio/tests/dispatcher.test.mjs	개인 스튜디오 소스·테스트·설명 저장
Studio/tests/execution-browser-check.mjs	개인 스튜디오 소스·테스트·설명 저장
Studio/tests/queue.test.mjs	개인 스튜디오 소스·테스트·설명 저장
Studio/tests/studio.test.mjs	개인 스튜디오 소스·테스트·설명 저장
tmp/imagegen/gothic_hud_layout_refinement/slot_wings_alpha.png	제작 도구가 사용하는 원본 입력 보존
tmp/imagegen/gothic_hud_layout_refinement/slot_wings_chroma.png	제작 도구가 사용하는 원본 입력 보존
tmp/martelo-game/source_bind_proxy.cpp	제작 도구가 사용하는 원본 입력 보존
tmp/martelo-game/source_build.cmd	제작 도구가 사용하는 원본 입력 보존
tmp/martelo-game/source_martelo_bind.fbx	제작 도구가 사용하는 원본 입력 보존
ui-concepts/2026-09-08/hud-layout-1920x1080.svg	HUD 설계 원본 저장
ui-concepts/2026-09-08/imagegen-prompt.txt	HUD 설계 원본 저장
ui-concepts/2026-09-08/rogue10m-lostark-hud-concept.png	HUD 설계 원본 저장
